fault,repetition,seed,target_artifact,detected,leaked,traceability_completeness,violation_count,violations
drop_parent_link,1,20261003,SWR-00,True,False,0.9411764705882353,2,"[[""C1"", ""SWR-00""], [""C2"", ""SYS-00""]]"
drop_parent_link,2,20261004,SWR-01,True,False,0.9411764705882353,2,"[[""C1"", ""SWR-01""], [""C2"", ""SYS-01""]]"
drop_parent_link,3,20261005,SWR-02,True,False,0.9411764705882353,2,"[[""C1"", ""SWR-02""], [""C2"", ""SYS-02""]]"
drop_parent_link,4,20261006,SWR-03,True,False,0.9411764705882353,2,"[[""C1"", ""SWR-03""], [""C2"", ""SYS-03""]]"
drop_parent_link,5,20261007,SWR-01,True,False,0.9411764705882353,2,"[[""C1"", ""SWR-01""], [""C2"", ""SYS-01""]]"
drop_parent_link,6,20261008,SWR-02,True,False,0.9411764705882353,2,"[[""C1"", ""SWR-02""], [""C2"", ""SYS-02""]]"
drop_parent_link,7,20261009,SWR-05,True,False,0.9411764705882353,2,"[[""C1"", ""SWR-05""], [""C2"", ""SYS-05""]]"
drop_parent_link,8,20261010,SWR-02,True,False,0.9411764705882353,2,"[[""C1"", ""SWR-02""], [""C2"", ""SYS-02""]]"
drop_parent_link,9,20261011,SWR-03,True,False,0.9411764705882353,2,"[[""C1"", ""SWR-03""], [""C2"", ""SYS-03""]]"
drop_parent_link,10,20261012,SWR-03,True,False,0.9411764705882353,2,"[[""C1"", ""SWR-03""], [""C2"", ""SYS-03""]]"
drop_parent_link,11,20261013,SWR-04,True,False,0.9411764705882353,2,"[[""C1"", ""SWR-04""], [""C2"", ""SYS-04""]]"
drop_parent_link,12,20261014,SWR-05,True,False,0.9411764705882353,2,"[[""C1"", ""SWR-05""], [""C2"", ""SYS-05""]]"
drop_parent_link,13,20261015,SWR-01,True,False,0.9411764705882353,2,"[[""C1"", ""SWR-01""], [""C2"", ""SYS-01""]]"
drop_parent_link,14,20261016,SWR-01,True,False,0.9411764705882353,2,"[[""C1"", ""SWR-01""], [""C2"", ""SYS-01""]]"
drop_parent_link,15,20261017,SWR-02,True,False,0.9411764705882353,2,"[[""C1"", ""SWR-02""], [""C2"", ""SYS-02""]]"
drop_parent_link,16,20261018,SWR-01,True,False,0.9411764705882353,2,"[[""C1"", ""SWR-01""], [""C2"", ""SYS-01""]]"
drop_parent_link,17,20261019,SWR-04,True,False,0.9411764705882353,2,"[[""C1"", ""SWR-04""], [""C2"", ""SYS-04""]]"
drop_parent_link,18,20261020,SWR-03,True,False,0.9411764705882353,2,"[[""C1"", ""SWR-03""], [""C2"", ""SYS-03""]]"
drop_parent_link,19,20261021,SWR-04,True,False,0.9411764705882353,2,"[[""C1"", ""SWR-04""], [""C2"", ""SYS-04""]]"
drop_parent_link,20,20261022,SWR-05,True,False,0.9411764705882353,2,"[[""C1"", ""SWR-05""], [""C2"", ""SYS-05""]]"
drop_parent_link,21,20261023,SWR-02,True,False,0.9411764705882353,2,"[[""C1"", ""SWR-02""], [""C2"", ""SYS-02""]]"
drop_parent_link,22,20261024,SWR-04,True,False,0.9411764705882353,2,"[[""C1"", ""SWR-04""], [""C2"", ""SYS-04""]]"
drop_parent_link,23,20261025,SWR-03,True,False,0.9411764705882353,2,"[[""C1"", ""SWR-03""], [""C2"", ""SYS-03""]]"
drop_parent_link,24,20261026,SWR-00,True,False,0.9411764705882353,2,"[[""C1"", ""SWR-00""], [""C2"", ""SYS-00""]]"
drop_parent_link,25,20261027,SWR-01,True,False,0.9411764705882353,2,"[[""C1"", ""SWR-01""], [""C2"", ""SYS-01""]]"
drop_parent_link,26,20261028,SWR-04,True,False,0.9411764705882353,2,"[[""C1"", ""SWR-04""], [""C2"", ""SYS-04""]]"
drop_parent_link,27,20261029,SWR-04,True,False,0.9411764705882353,2,"[[""C1"", ""SWR-04""], [""C2"", ""SYS-04""]]"
drop_parent_link,28,20261030,SWR-04,True,False,0.9411764705882353,2,"[[""C1"", ""SWR-04""], [""C2"", ""SYS-04""]]"
drop_parent_link,29,20261031,SWR-02,True,False,0.9411764705882353,2,"[[""C1"", ""SWR-02""], [""C2"", ""SYS-02""]]"
drop_parent_link,30,20261032,SWR-05,True,False,0.9411764705882353,2,"[[""C1"", ""SWR-05""], [""C2"", ""SYS-05""]]"
drop_parent_link,31,20261033,SWR-05,True,False,0.9411764705882353,2,"[[""C1"", ""SWR-05""], [""C2"", ""SYS-05""]]"
drop_parent_link,32,20261034,SWR-00,True,False,0.9411764705882353,2,"[[""C1"", ""SWR-00""], [""C2"", ""SYS-00""]]"
drop_parent_link,33,20261035,SWR-02,True,False,0.9411764705882353,2,"[[""C1"", ""SWR-02""], [""C2"", ""SYS-02""]]"
drop_parent_link,34,20261036,SWR-01,True,False,0.9411764705882353,2,"[[""C1"", ""SWR-01""], [""C2"", ""SYS-01""]]"
drop_parent_link,35,20261037,SWR-03,True,False,0.9411764705882353,2,"[[""C1"", ""SWR-03""], [""C2"", ""SYS-03""]]"
drop_parent_link,36,20261038,SWR-02,True,False,0.9411764705882353,2,"[[""C1"", ""SWR-02""], [""C2"", ""SYS-02""]]"
drop_parent_link,37,20261039,SWR-04,True,False,0.9411764705882353,2,"[[""C1"", ""SWR-04""], [""C2"", ""SYS-04""]]"
drop_parent_link,38,20261040,SWR-04,True,False,0.9411764705882353,2,"[[""C1"", ""SWR-04""], [""C2"", ""SYS-04""]]"
drop_parent_link,39,20261041,SWR-04,True,False,0.9411764705882353,2,"[[""C1"", ""SWR-04""], [""C2"", ""SYS-04""]]"
drop_parent_link,40,20261042,SWR-04,True,False,0.9411764705882353,2,"[[""C1"", ""SWR-04""], [""C2"", ""SYS-04""]]"
drop_parent_link,41,20261043,SWR-04,True,False,0.9411764705882353,2,"[[""C1"", ""SWR-04""], [""C2"", ""SYS-04""]]"
drop_parent_link,42,20261044,SWR-05,True,False,0.9411764705882353,2,"[[""C1"", ""SWR-05""], [""C2"", ""SYS-05""]]"
drop_parent_link,43,20261045,SWR-05,True,False,0.9411764705882353,2,"[[""C1"", ""SWR-05""], [""C2"", ""SYS-05""]]"
drop_parent_link,44,20261046,SWR-00,True,False,0.9411764705882353,2,"[[""C1"", ""SWR-00""], [""C2"", ""SYS-00""]]"
drop_parent_link,45,20261047,SWR-05,True,False,0.9411764705882353,2,"[[""C1"", ""SWR-05""], [""C2"", ""SYS-05""]]"
drop_parent_link,46,20261048,SWR-01,True,False,0.9411764705882353,2,"[[""C1"", ""SWR-01""], [""C2"", ""SYS-01""]]"
drop_parent_link,47,20261049,SWR-01,True,False,0.9411764705882353,2,"[[""C1"", ""SWR-01""], [""C2"", ""SYS-01""]]"
drop_parent_link,48,20261050,SWR-00,True,False,0.9411764705882353,2,"[[""C1"", ""SWR-00""], [""C2"", ""SYS-00""]]"
drop_parent_link,49,20261051,SWR-05,True,False,0.9411764705882353,2,"[[""C1"", ""SWR-05""], [""C2"", ""SYS-05""]]"
drop_parent_link,50,20261052,SWR-05,True,False,0.9411764705882353,2,"[[""C1"", ""SWR-05""], [""C2"", ""SYS-05""]]"
drop_parent_link,51,20261053,SWR-03,True,False,0.9411764705882353,2,"[[""C1"", ""SWR-03""], [""C2"", ""SYS-03""]]"
drop_parent_link,52,20261054,SWR-02,True,False,0.9411764705882353,2,"[[""C1"", ""SWR-02""], [""C2"", ""SYS-02""]]"
drop_parent_link,53,20261055,SWR-04,True,False,0.9411764705882353,2,"[[""C1"", ""SWR-04""], [""C2"", ""SYS-04""]]"
drop_parent_link,54,20261056,SWR-02,True,False,0.9411764705882353,2,"[[""C1"", ""SWR-02""], [""C2"", ""SYS-02""]]"
drop_parent_link,55,20261057,SWR-02,True,False,0.9411764705882353,2,"[[""C1"", ""SWR-02""], [""C2"", ""SYS-02""]]"
drop_parent_link,56,20261058,SWR-00,True,False,0.9411764705882353,2,"[[""C1"", ""SWR-00""], [""C2"", ""SYS-00""]]"
drop_parent_link,57,20261059,SWR-02,True,False,0.9411764705882353,2,"[[""C1"", ""SWR-02""], [""C2"", ""SYS-02""]]"
drop_parent_link,58,20261060,SWR-02,True,False,0.9411764705882353,2,"[[""C1"", ""SWR-02""], [""C2"", ""SYS-02""]]"
drop_parent_link,59,20261061,SWR-00,True,False,0.9411764705882353,2,"[[""C1"", ""SWR-00""], [""C2"", ""SYS-00""]]"
drop_parent_link,60,20261062,SWR-02,True,False,0.9411764705882353,2,"[[""C1"", ""SWR-02""], [""C2"", ""SYS-02""]]"
drop_parent_link,61,20261063,SWR-04,True,False,0.9411764705882353,2,"[[""C1"", ""SWR-04""], [""C2"", ""SYS-04""]]"
drop_parent_link,62,20261064,SWR-00,True,False,0.9411764705882353,2,"[[""C1"", ""SWR-00""], [""C2"", ""SYS-00""]]"
drop_parent_link,63,20261065,SWR-03,True,False,0.9411764705882353,2,"[[""C1"", ""SWR-03""], [""C2"", ""SYS-03""]]"
drop_parent_link,64,20261066,SWR-01,True,False,0.9411764705882353,2,"[[""C1"", ""SWR-01""], [""C2"", ""SYS-01""]]"
drop_parent_link,65,20261067,SWR-01,True,False,0.9411764705882353,2,"[[""C1"", ""SWR-01""], [""C2"", ""SYS-01""]]"
drop_parent_link,66,20261068,SWR-02,True,False,0.9411764705882353,2,"[[""C1"", ""SWR-02""], [""C2"", ""SYS-02""]]"
drop_parent_link,67,20261069,SWR-00,True,False,0.9411764705882353,2,"[[""C1"", ""SWR-00""], [""C2"", ""SYS-00""]]"
drop_parent_link,68,20261070,SWR-01,True,False,0.9411764705882353,2,"[[""C1"", ""SWR-01""], [""C2"", ""SYS-01""]]"
drop_parent_link,69,20261071,SWR-03,True,False,0.9411764705882353,2,"[[""C1"", ""SWR-03""], [""C2"", ""SYS-03""]]"
drop_parent_link,70,20261072,SWR-04,True,False,0.9411764705882353,2,"[[""C1"", ""SWR-04""], [""C2"", ""SYS-04""]]"
drop_parent_link,71,20261073,SWR-00,True,False,0.9411764705882353,2,"[[""C1"", ""SWR-00""], [""C2"", ""SYS-00""]]"
drop_parent_link,72,20261074,SWR-01,True,False,0.9411764705882353,2,"[[""C1"", ""SWR-01""], [""C2"", ""SYS-01""]]"
drop_parent_link,73,20261075,SWR-01,True,False,0.9411764705882353,2,"[[""C1"", ""SWR-01""], [""C2"", ""SYS-01""]]"
drop_parent_link,74,20261076,SWR-02,True,False,0.9411764705882353,2,"[[""C1"", ""SWR-02""], [""C2"", ""SYS-02""]]"
drop_parent_link,75,20261077,SWR-00,True,False,0.9411764705882353,2,"[[""C1"", ""SWR-00""], [""C2"", ""SYS-00""]]"
drop_parent_link,76,20261078,SWR-03,True,False,0.9411764705882353,2,"[[""C1"", ""SWR-03""], [""C2"", ""SYS-03""]]"
drop_parent_link,77,20261079,SWR-02,True,False,0.9411764705882353,2,"[[""C1"", ""SWR-02""], [""C2"", ""SYS-02""]]"
drop_parent_link,78,20261080,SWR-04,True,False,0.9411764705882353,2,"[[""C1"", ""SWR-04""], [""C2"", ""SYS-04""]]"
drop_parent_link,79,20261081,SWR-03,True,False,0.9411764705882353,2,"[[""C1"", ""SWR-03""], [""C2"", ""SYS-03""]]"
drop_parent_link,80,20261082,SWR-00,True,False,0.9411764705882353,2,"[[""C1"", ""SWR-00""], [""C2"", ""SYS-00""]]"
drop_parent_link,81,20261083,SWR-02,True,False,0.9411764705882353,2,"[[""C1"", ""SWR-02""], [""C2"", ""SYS-02""]]"
drop_parent_link,82,20261084,SWR-04,True,False,0.9411764705882353,2,"[[""C1"", ""SWR-04""], [""C2"", ""SYS-04""]]"
drop_parent_link,83,20261085,SWR-05,True,False,0.9411764705882353,2,"[[""C1"", ""SWR-05""], [""C2"", ""SYS-05""]]"
drop_parent_link,84,20261086,SWR-02,True,False,0.9411764705882353,2,"[[""C1"", ""SWR-02""], [""C2"", ""SYS-02""]]"
drop_parent_link,85,20261087,SWR-05,True,False,0.9411764705882353,2,"[[""C1"", ""SWR-05""], [""C2"", ""SYS-05""]]"
drop_parent_link,86,20261088,SWR-04,True,False,0.9411764705882353,2,"[[""C1"", ""SWR-04""], [""C2"", ""SYS-04""]]"
drop_parent_link,87,20261089,SWR-00,True,False,0.9411764705882353,2,"[[""C1"", ""SWR-00""], [""C2"", ""SYS-00""]]"
drop_parent_link,88,20261090,SWR-02,True,False,0.9411764705882353,2,"[[""C1"", ""SWR-02""], [""C2"", ""SYS-02""]]"
drop_parent_link,89,20261091,SWR-02,True,False,0.9411764705882353,2,"[[""C1"", ""SWR-02""], [""C2"", ""SYS-02""]]"
drop_parent_link,90,20261092,SWR-00,True,False,0.9411764705882353,2,"[[""C1"", ""SWR-00""], [""C2"", ""SYS-00""]]"
drop_parent_link,91,20261093,SWR-04,True,False,0.9411764705882353,2,"[[""C1"", ""SWR-04""], [""C2"", ""SYS-04""]]"
drop_parent_link,92,20261094,SWR-04,True,False,0.9411764705882353,2,"[[""C1"", ""SWR-04""], [""C2"", ""SYS-04""]]"
drop_parent_link,93,20261095,SWR-02,True,False,0.9411764705882353,2,"[[""C1"", ""SWR-02""], [""C2"", ""SYS-02""]]"
drop_parent_link,94,20261096,SWR-01,True,False,0.9411764705882353,2,"[[""C1"", ""SWR-01""], [""C2"", ""SYS-01""]]"
drop_parent_link,95,20261097,SWR-04,True,False,0.9411764705882353,2,"[[""C1"", ""SWR-04""], [""C2"", ""SYS-04""]]"
drop_parent_link,96,20261098,SWR-02,True,False,0.9411764705882353,2,"[[""C1"", ""SWR-02""], [""C2"", ""SYS-02""]]"
drop_parent_link,97,20261099,SWR-04,True,False,0.9411764705882353,2,"[[""C1"", ""SWR-04""], [""C2"", ""SYS-04""]]"
drop_parent_link,98,20261100,SWR-02,True,False,0.9411764705882353,2,"[[""C1"", ""SWR-02""], [""C2"", ""SYS-02""]]"
drop_parent_link,99,20261101,SWR-05,True,False,0.9411764705882353,2,"[[""C1"", ""SWR-05""], [""C2"", ""SYS-05""]]"
drop_parent_link,100,20261102,SWR-04,True,False,0.9411764705882353,2,"[[""C1"", ""SWR-04""], [""C2"", ""SYS-04""]]"
wrong_asil,1,20261103,SWR-00,True,False,0.9705882352941176,2,"[[""C6"", ""SWR-00""], [""C6"", ""SWR-00""]]"
wrong_asil,2,20261104,SWR-05,True,False,0.9705882352941176,2,"[[""C6"", ""SWR-05""], [""C6"", ""SWR-05""]]"
wrong_asil,3,20261105,SWR-01,True,False,0.9705882352941176,2,"[[""C6"", ""SWR-01""], [""C6"", ""SWR-01""]]"
wrong_asil,4,20261106,SWR-05,True,False,0.9705882352941176,2,"[[""C6"", ""SWR-05""], [""C6"", ""SWR-05""]]"
wrong_asil,5,20261107,SWR-04,True,False,0.9705882352941176,2,"[[""C6"", ""SWR-04""], [""C6"", ""SWR-04""]]"
wrong_asil,6,20261108,SWR-02,True,False,0.9705882352941176,2,"[[""C6"", ""SWR-02""], [""C6"", ""SWR-02""]]"
wrong_asil,7,20261109,SWR-01,True,False,0.9705882352941176,2,"[[""C6"", ""SWR-01""], [""C6"", ""SWR-01""]]"
wrong_asil,8,20261110,SWR-02,True,False,0.9705882352941176,2,"[[""C6"", ""SWR-02""], [""C6"", ""SWR-02""]]"
wrong_asil,9,20261111,SWR-03,True,False,0.9705882352941176,2,"[[""C6"", ""SWR-03""], [""C6"", ""SWR-03""]]"
wrong_asil,10,20261112,SWR-01,True,False,0.9705882352941176,2,"[[""C6"", ""SWR-01""], [""C6"", ""SWR-01""]]"
wrong_asil,11,20261113,SWR-01,True,False,0.9705882352941176,2,"[[""C6"", ""SWR-01""], [""C6"", ""SWR-01""]]"
wrong_asil,12,20261114,SWR-00,True,False,0.9705882352941176,2,"[[""C6"", ""SWR-00""], [""C6"", ""SWR-00""]]"
wrong_asil,13,20261115,SWR-02,True,False,0.9705882352941176,2,"[[""C6"", ""SWR-02""], [""C6"", ""SWR-02""]]"
wrong_asil,14,20261116,SWR-01,True,False,0.9705882352941176,2,"[[""C6"", ""SWR-01""], [""C6"", ""SWR-01""]]"
wrong_asil,15,20261117,SWR-01,True,False,0.9705882352941176,2,"[[""C6"", ""SWR-01""], [""C6"", ""SWR-01""]]"
wrong_asil,16,20261118,SWR-05,True,False,0.9705882352941176,2,"[[""C6"", ""SWR-05""], [""C6"", ""SWR-05""]]"
wrong_asil,17,20261119,SWR-03,True,False,0.9705882352941176,2,"[[""C6"", ""SWR-03""], [""C6"", ""SWR-03""]]"
wrong_asil,18,20261120,SWR-03,True,False,0.9705882352941176,2,"[[""C6"", ""SWR-03""], [""C6"", ""SWR-03""]]"
wrong_asil,19,20261121,SWR-04,True,False,0.9705882352941176,2,"[[""C6"", ""SWR-04""], [""C6"", ""SWR-04""]]"
wrong_asil,20,20261122,SWR-04,True,False,0.9705882352941176,2,"[[""C6"", ""SWR-04""], [""C6"", ""SWR-04""]]"
wrong_asil,21,20261123,SWR-04,True,False,0.9705882352941176,2,"[[""C6"", ""SWR-04""], [""C6"", ""SWR-04""]]"
wrong_asil,22,20261124,SWR-01,True,False,0.9705882352941176,2,"[[""C6"", ""SWR-01""], [""C6"", ""SWR-01""]]"
wrong_asil,23,20261125,SWR-00,True,False,0.9705882352941176,2,"[[""C6"", ""SWR-00""], [""C6"", ""SWR-00""]]"
wrong_asil,24,20261126,SWR-03,True,False,0.9705882352941176,2,"[[""C6"", ""SWR-03""], [""C6"", ""SWR-03""]]"
wrong_asil,25,20261127,SWR-00,True,False,0.9705882352941176,2,"[[""C6"", ""SWR-00""], [""C6"", ""SWR-00""]]"
wrong_asil,26,20261128,SWR-03,True,False,0.9705882352941176,2,"[[""C6"", ""SWR-03""], [""C6"", ""SWR-03""]]"
wrong_asil,27,20261129,SWR-00,True,False,0.9705882352941176,2,"[[""C6"", ""SWR-00""], [""C6"", ""SWR-00""]]"
wrong_asil,28,20261130,SWR-01,True,False,0.9705882352941176,2,"[[""C6"", ""SWR-01""], [""C6"", ""SWR-01""]]"
wrong_asil,29,20261131,SWR-03,True,False,0.9705882352941176,2,"[[""C6"", ""SWR-03""], [""C6"", ""SWR-03""]]"
wrong_asil,30,20261132,SWR-02,True,False,0.9705882352941176,2,"[[""C6"", ""SWR-02""], [""C6"", ""SWR-02""]]"
wrong_asil,31,20261133,SWR-02,True,False,0.9705882352941176,2,"[[""C6"", ""SWR-02""], [""C6"", ""SWR-02""]]"
wrong_asil,32,20261134,SWR-04,True,False,0.9705882352941176,2,"[[""C6"", ""SWR-04""], [""C6"", ""SWR-04""]]"
wrong_asil,33,20261135,SWR-03,True,False,0.9705882352941176,2,"[[""C6"", ""SWR-03""], [""C6"", ""SWR-03""]]"
wrong_asil,34,20261136,SWR-04,True,False,0.9705882352941176,2,"[[""C6"", ""SWR-04""], [""C6"", ""SWR-04""]]"
wrong_asil,35,20261137,SWR-00,True,False,0.9705882352941176,2,"[[""C6"", ""SWR-00""], [""C6"", ""SWR-00""]]"
wrong_asil,36,20261138,SWR-04,True,False,0.9705882352941176,2,"[[""C6"", ""SWR-04""], [""C6"", ""SWR-04""]]"
wrong_asil,37,20261139,SWR-02,True,False,0.9705882352941176,2,"[[""C6"", ""SWR-02""], [""C6"", ""SWR-02""]]"
wrong_asil,38,20261140,SWR-04,True,False,0.9705882352941176,2,"[[""C6"", ""SWR-04""], [""C6"", ""SWR-04""]]"
wrong_asil,39,20261141,SWR-02,True,False,0.9705882352941176,2,"[[""C6"", ""SWR-02""], [""C6"", ""SWR-02""]]"
wrong_asil,40,20261142,SWR-05,True,False,0.9705882352941176,2,"[[""C6"", ""SWR-05""], [""C6"", ""SWR-05""]]"
wrong_asil,41,20261143,SWR-05,True,False,0.9705882352941176,2,"[[""C6"", ""SWR-05""], [""C6"", ""SWR-05""]]"
wrong_asil,42,20261144,SWR-02,True,False,0.9705882352941176,2,"[[""C6"", ""SWR-02""], [""C6"", ""SWR-02""]]"
wrong_asil,43,20261145,SWR-04,True,False,0.9705882352941176,2,"[[""C6"", ""SWR-04""], [""C6"", ""SWR-04""]]"
wrong_asil,44,20261146,SWR-05,True,False,0.9705882352941176,2,"[[""C6"", ""SWR-05""], [""C6"", ""SWR-05""]]"
wrong_asil,45,20261147,SWR-05,True,False,0.9705882352941176,2,"[[""C6"", ""SWR-05""], [""C6"", ""SWR-05""]]"
wrong_asil,46,20261148,SWR-00,True,False,0.9705882352941176,2,"[[""C6"", ""SWR-00""], [""C6"", ""SWR-00""]]"
wrong_asil,47,20261149,SWR-01,True,False,0.9705882352941176,2,"[[""C6"", ""SWR-01""], [""C6"", ""SWR-01""]]"
wrong_asil,48,20261150,SWR-00,True,False,0.9705882352941176,2,"[[""C6"", ""SWR-00""], [""C6"", ""SWR-00""]]"
wrong_asil,49,20261151,SWR-05,True,False,0.9705882352941176,2,"[[""C6"", ""SWR-05""], [""C6"", ""SWR-05""]]"
wrong_asil,50,20261152,SWR-02,True,False,0.9705882352941176,2,"[[""C6"", ""SWR-02""], [""C6"", ""SWR-02""]]"
wrong_asil,51,20261153,SWR-00,True,False,0.9705882352941176,2,"[[""C6"", ""SWR-00""], [""C6"", ""SWR-00""]]"
wrong_asil,52,20261154,SWR-04,True,False,0.9705882352941176,2,"[[""C6"", ""SWR-04""], [""C6"", ""SWR-04""]]"
wrong_asil,53,20261155,SWR-01,True,False,0.9705882352941176,2,"[[""C6"", ""SWR-01""], [""C6"", ""SWR-01""]]"
wrong_asil,54,20261156,SWR-04,True,False,0.9705882352941176,2,"[[""C6"", ""SWR-04""], [""C6"", ""SWR-04""]]"
wrong_asil,55,20261157,SWR-01,True,False,0.9705882352941176,2,"[[""C6"", ""SWR-01""], [""C6"", ""SWR-01""]]"
wrong_asil,56,20261158,SWR-05,True,False,0.9705882352941176,2,"[[""C6"", ""SWR-05""], [""C6"", ""SWR-05""]]"
wrong_asil,57,20261159,SWR-02,True,False,0.9705882352941176,2,"[[""C6"", ""SWR-02""], [""C6"", ""SWR-02""]]"
wrong_asil,58,20261160,SWR-02,True,False,0.9705882352941176,2,"[[""C6"", ""SWR-02""], [""C6"", ""SWR-02""]]"
wrong_asil,59,20261161,SWR-03,True,False,0.9705882352941176,2,"[[""C6"", ""SWR-03""], [""C6"", ""SWR-03""]]"
wrong_asil,60,20261162,SWR-03,True,False,0.9705882352941176,2,"[[""C6"", ""SWR-03""], [""C6"", ""SWR-03""]]"
wrong_asil,61,20261163,SWR-04,True,False,0.9705882352941176,2,"[[""C6"", ""SWR-04""], [""C6"", ""SWR-04""]]"
wrong_asil,62,20261164,SWR-03,True,False,0.9705882352941176,2,"[[""C6"", ""SWR-03""], [""C6"", ""SWR-03""]]"
wrong_asil,63,20261165,SWR-05,True,False,0.9705882352941176,2,"[[""C6"", ""SWR-05""], [""C6"", ""SWR-05""]]"
wrong_asil,64,20261166,SWR-05,True,False,0.9705882352941176,2,"[[""C6"", ""SWR-05""], [""C6"", ""SWR-05""]]"
wrong_asil,65,20261167,SWR-01,True,False,0.9705882352941176,2,"[[""C6"", ""SWR-01""], [""C6"", ""SWR-01""]]"
wrong_asil,66,20261168,SWR-00,True,False,0.9705882352941176,2,"[[""C6"", ""SWR-00""], [""C6"", ""SWR-00""]]"
wrong_asil,67,20261169,SWR-04,True,False,0.9705882352941176,2,"[[""C6"", ""SWR-04""], [""C6"", ""SWR-04""]]"
wrong_asil,68,20261170,SWR-04,True,False,0.9705882352941176,2,"[[""C6"", ""SWR-04""], [""C6"", ""SWR-04""]]"
wrong_asil,69,20261171,SWR-00,True,False,0.9705882352941176,2,"[[""C6"", ""SWR-00""], [""C6"", ""SWR-00""]]"
wrong_asil,70,20261172,SWR-02,True,False,0.9705882352941176,2,"[[""C6"", ""SWR-02""], [""C6"", ""SWR-02""]]"
wrong_asil,71,20261173,SWR-04,True,False,0.9705882352941176,2,"[[""C6"", ""SWR-04""], [""C6"", ""SWR-04""]]"
wrong_asil,72,20261174,SWR-01,True,False,0.9705882352941176,2,"[[""C6"", ""SWR-01""], [""C6"", ""SWR-01""]]"
wrong_asil,73,20261175,SWR-00,True,False,0.9705882352941176,2,"[[""C6"", ""SWR-00""], [""C6"", ""SWR-00""]]"
wrong_asil,74,20261176,SWR-04,True,False,0.9705882352941176,2,"[[""C6"", ""SWR-04""], [""C6"", ""SWR-04""]]"
wrong_asil,75,20261177,SWR-05,True,False,0.9705882352941176,2,"[[""C6"", ""SWR-05""], [""C6"", ""SWR-05""]]"
wrong_asil,76,20261178,SWR-03,True,False,0.9705882352941176,2,"[[""C6"", ""SWR-03""], [""C6"", ""SWR-03""]]"
wrong_asil,77,20261179,SWR-00,True,False,0.9705882352941176,2,"[[""C6"", ""SWR-00""], [""C6"", ""SWR-00""]]"
wrong_asil,78,20261180,SWR-00,True,False,0.9705882352941176,2,"[[""C6"", ""SWR-00""], [""C6"", ""SWR-00""]]"
wrong_asil,79,20261181,SWR-03,True,False,0.9705882352941176,2,"[[""C6"", ""SWR-03""], [""C6"", ""SWR-03""]]"
wrong_asil,80,20261182,SWR-01,True,False,0.9705882352941176,2,"[[""C6"", ""SWR-01""], [""C6"", ""SWR-01""]]"
wrong_asil,81,20261183,SWR-00,True,False,0.9705882352941176,2,"[[""C6"", ""SWR-00""], [""C6"", ""SWR-00""]]"
wrong_asil,82,20261184,SWR-04,True,False,0.9705882352941176,2,"[[""C6"", ""SWR-04""], [""C6"", ""SWR-04""]]"
wrong_asil,83,20261185,SWR-04,True,False,0.9705882352941176,2,"[[""C6"", ""SWR-04""], [""C6"", ""SWR-04""]]"
wrong_asil,84,20261186,SWR-02,True,False,0.9705882352941176,2,"[[""C6"", ""SWR-02""], [""C6"", ""SWR-02""]]"
wrong_asil,85,20261187,SWR-00,True,False,0.9705882352941176,2,"[[""C6"", ""SWR-00""], [""C6"", ""SWR-00""]]"
wrong_asil,86,20261188,SWR-02,True,False,0.9705882352941176,2,"[[""C6"", ""SWR-02""], [""C6"", ""SWR-02""]]"
wrong_asil,87,20261189,SWR-05,True,False,0.9705882352941176,2,"[[""C6"", ""SWR-05""], [""C6"", ""SWR-05""]]"
wrong_asil,88,20261190,SWR-04,True,False,0.9705882352941176,2,"[[""C6"", ""SWR-04""], [""C6"", ""SWR-04""]]"
wrong_asil,89,20261191,SWR-01,True,False,0.9705882352941176,2,"[[""C6"", ""SWR-01""], [""C6"", ""SWR-01""]]"
wrong_asil,90,20261192,SWR-05,True,False,0.9705882352941176,2,"[[""C6"", ""SWR-05""], [""C6"", ""SWR-05""]]"
wrong_asil,91,20261193,SWR-01,True,False,0.9705882352941176,2,"[[""C6"", ""SWR-01""], [""C6"", ""SWR-01""]]"
wrong_asil,92,20261194,SWR-03,True,False,0.9705882352941176,2,"[[""C6"", ""SWR-03""], [""C6"", ""SWR-03""]]"
wrong_asil,93,20261195,SWR-02,True,False,0.9705882352941176,2,"[[""C6"", ""SWR-02""], [""C6"", ""SWR-02""]]"
wrong_asil,94,20261196,SWR-02,True,False,0.9705882352941176,2,"[[""C6"", ""SWR-02""], [""C6"", ""SWR-02""]]"
wrong_asil,95,20261197,SWR-04,True,False,0.9705882352941176,2,"[[""C6"", ""SWR-04""], [""C6"", ""SWR-04""]]"
wrong_asil,96,20261198,SWR-00,True,False,0.9705882352941176,2,"[[""C6"", ""SWR-00""], [""C6"", ""SWR-00""]]"
wrong_asil,97,20261199,SWR-02,True,False,0.9705882352941176,2,"[[""C6"", ""SWR-02""], [""C6"", ""SWR-02""]]"
wrong_asil,98,20261200,SWR-01,True,False,0.9705882352941176,2,"[[""C6"", ""SWR-01""], [""C6"", ""SWR-01""]]"
wrong_asil,99,20261201,SWR-01,True,False,0.9705882352941176,2,"[[""C6"", ""SWR-01""], [""C6"", ""SWR-01""]]"
wrong_asil,100,20261202,SWR-01,True,False,0.9705882352941176,2,"[[""C6"", ""SWR-01""], [""C6"", ""SWR-01""]]"
drop_qual_test,1,20261203,SWR-01,True,False,0.9696969696969697,1,"[[""C5"", ""SWR-01""]]"
drop_qual_test,2,20261204,SWR-05,True,False,0.9696969696969697,1,"[[""C5"", ""SWR-05""]]"
drop_qual_test,3,20261205,SWR-00,True,False,0.9696969696969697,1,"[[""C5"", ""SWR-00""]]"
drop_qual_test,4,20261206,SWR-04,True,False,0.9696969696969697,1,"[[""C5"", ""SWR-04""]]"
drop_qual_test,5,20261207,SWR-01,True,False,0.9696969696969697,1,"[[""C5"", ""SWR-01""]]"
drop_qual_test,6,20261208,SWR-04,True,False,0.9696969696969697,1,"[[""C5"", ""SWR-04""]]"
drop_qual_test,7,20261209,SWR-02,True,False,0.9696969696969697,1,"[[""C5"", ""SWR-02""]]"
drop_qual_test,8,20261210,SWR-04,True,False,0.9696969696969697,1,"[[""C5"", ""SWR-04""]]"
drop_qual_test,9,20261211,SWR-03,True,False,0.9696969696969697,1,"[[""C5"", ""SWR-03""]]"
drop_qual_test,10,20261212,SWR-02,True,False,0.9696969696969697,1,"[[""C5"", ""SWR-02""]]"
drop_qual_test,11,20261213,SWR-02,True,False,0.9696969696969697,1,"[[""C5"", ""SWR-02""]]"
drop_qual_test,12,20261214,SWR-00,True,False,0.9696969696969697,1,"[[""C5"", ""SWR-00""]]"
drop_qual_test,13,20261215,SWR-02,True,False,0.9696969696969697,1,"[[""C5"", ""SWR-02""]]"
drop_qual_test,14,20261216,SWR-00,True,False,0.9696969696969697,1,"[[""C5"", ""SWR-00""]]"
drop_qual_test,15,20261217,SWR-00,True,False,0.9696969696969697,1,"[[""C5"", ""SWR-00""]]"
drop_qual_test,16,20261218,SWR-03,True,False,0.9696969696969697,1,"[[""C5"", ""SWR-03""]]"
drop_qual_test,17,20261219,SWR-04,True,False,0.9696969696969697,1,"[[""C5"", ""SWR-04""]]"
drop_qual_test,18,20261220,SWR-04,True,False,0.9696969696969697,1,"[[""C5"", ""SWR-04""]]"
drop_qual_test,19,20261221,SWR-00,True,False,0.9696969696969697,1,"[[""C5"", ""SWR-00""]]"
drop_qual_test,20,20261222,SWR-03,True,False,0.9696969696969697,1,"[[""C5"", ""SWR-03""]]"
drop_qual_test,21,20261223,SWR-05,True,False,0.9696969696969697,1,"[[""C5"", ""SWR-05""]]"
drop_qual_test,22,20261224,SWR-00,True,False,0.9696969696969697,1,"[[""C5"", ""SWR-00""]]"
drop_qual_test,23,20261225,SWR-03,True,False,0.9696969696969697,1,"[[""C5"", ""SWR-03""]]"
drop_qual_test,24,20261226,SWR-01,True,False,0.9696969696969697,1,"[[""C5"", ""SWR-01""]]"
drop_qual_test,25,20261227,SWR-05,True,False,0.9696969696969697,1,"[[""C5"", ""SWR-05""]]"
drop_qual_test,26,20261228,SWR-03,True,False,0.9696969696969697,1,"[[""C5"", ""SWR-03""]]"
drop_qual_test,27,20261229,SWR-05,True,False,0.9696969696969697,1,"[[""C5"", ""SWR-05""]]"
drop_qual_test,28,20261230,SWR-05,True,False,0.9696969696969697,1,"[[""C5"", ""SWR-05""]]"
drop_qual_test,29,20261231,SWR-02,True,False,0.9696969696969697,1,"[[""C5"", ""SWR-02""]]"
drop_qual_test,30,20261232,SWR-04,True,False,0.9696969696969697,1,"[[""C5"", ""SWR-04""]]"
drop_qual_test,31,20261233,SWR-00,True,False,0.9696969696969697,1,"[[""C5"", ""SWR-00""]]"
drop_qual_test,32,20261234,SWR-03,True,False,0.9696969696969697,1,"[[""C5"", ""SWR-03""]]"
drop_qual_test,33,20261235,SWR-04,True,False,0.9696969696969697,1,"[[""C5"", ""SWR-04""]]"
drop_qual_test,34,20261236,SWR-01,True,False,0.9696969696969697,1,"[[""C5"", ""SWR-01""]]"
drop_qual_test,35,20261237,SWR-04,True,False,0.9696969696969697,1,"[[""C5"", ""SWR-04""]]"
drop_qual_test,36,20261238,SWR-02,True,False,0.9696969696969697,1,"[[""C5"", ""SWR-02""]]"
drop_qual_test,37,20261239,SWR-01,True,False,0.9696969696969697,1,"[[""C5"", ""SWR-01""]]"
drop_qual_test,38,20261240,SWR-03,True,False,0.9696969696969697,1,"[[""C5"", ""SWR-03""]]"
drop_qual_test,39,20261241,SWR-00,True,False,0.9696969696969697,1,"[[""C5"", ""SWR-00""]]"
drop_qual_test,40,20261242,SWR-05,True,False,0.9696969696969697,1,"[[""C5"", ""SWR-05""]]"
drop_qual_test,41,20261243,SWR-05,True,False,0.9696969696969697,1,"[[""C5"", ""SWR-05""]]"
drop_qual_test,42,20261244,SWR-02,True,False,0.9696969696969697,1,"[[""C5"", ""SWR-02""]]"
drop_qual_test,43,20261245,SWR-03,True,False,0.9696969696969697,1,"[[""C5"", ""SWR-03""]]"
drop_qual_test,44,20261246,SWR-00,True,False,0.9696969696969697,1,"[[""C5"", ""SWR-00""]]"
drop_qual_test,45,20261247,SWR-02,True,False,0.9696969696969697,1,"[[""C5"", ""SWR-02""]]"
drop_qual_test,46,20261248,SWR-05,True,False,0.9696969696969697,1,"[[""C5"", ""SWR-05""]]"
drop_qual_test,47,20261249,SWR-04,True,False,0.9696969696969697,1,"[[""C5"", ""SWR-04""]]"
drop_qual_test,48,20261250,SWR-02,True,False,0.9696969696969697,1,"[[""C5"", ""SWR-02""]]"
drop_qual_test,49,20261251,SWR-05,True,False,0.9696969696969697,1,"[[""C5"", ""SWR-05""]]"
drop_qual_test,50,20261252,SWR-01,True,False,0.9696969696969697,1,"[[""C5"", ""SWR-01""]]"
drop_qual_test,51,20261253,SWR-03,True,False,0.9696969696969697,1,"[[""C5"", ""SWR-03""]]"
drop_qual_test,52,20261254,SWR-02,True,False,0.9696969696969697,1,"[[""C5"", ""SWR-02""]]"
drop_qual_test,53,20261255,SWR-02,True,False,0.9696969696969697,1,"[[""C5"", ""SWR-02""]]"
drop_qual_test,54,20261256,SWR-03,True,False,0.9696969696969697,1,"[[""C5"", ""SWR-03""]]"
drop_qual_test,55,20261257,SWR-01,True,False,0.9696969696969697,1,"[[""C5"", ""SWR-01""]]"
drop_qual_test,56,20261258,SWR-04,True,False,0.9696969696969697,1,"[[""C5"", ""SWR-04""]]"
drop_qual_test,57,20261259,SWR-02,True,False,0.9696969696969697,1,"[[""C5"", ""SWR-02""]]"
drop_qual_test,58,20261260,SWR-01,True,False,0.9696969696969697,1,"[[""C5"", ""SWR-01""]]"
drop_qual_test,59,20261261,SWR-00,True,False,0.9696969696969697,1,"[[""C5"", ""SWR-00""]]"
drop_qual_test,60,20261262,SWR-05,True,False,0.9696969696969697,1,"[[""C5"", ""SWR-05""]]"
drop_qual_test,61,20261263,SWR-04,True,False,0.9696969696969697,1,"[[""C5"", ""SWR-04""]]"
drop_qual_test,62,20261264,SWR-01,True,False,0.9696969696969697,1,"[[""C5"", ""SWR-01""]]"
drop_qual_test,63,20261265,SWR-05,True,False,0.9696969696969697,1,"[[""C5"", ""SWR-05""]]"
drop_qual_test,64,20261266,SWR-04,True,False,0.9696969696969697,1,"[[""C5"", ""SWR-04""]]"
drop_qual_test,65,20261267,SWR-05,True,False,0.9696969696969697,1,"[[""C5"", ""SWR-05""]]"
drop_qual_test,66,20261268,SWR-04,True,False,0.9696969696969697,1,"[[""C5"", ""SWR-04""]]"
drop_qual_test,67,20261269,SWR-05,True,False,0.9696969696969697,1,"[[""C5"", ""SWR-05""]]"
drop_qual_test,68,20261270,SWR-05,True,False,0.9696969696969697,1,"[[""C5"", ""SWR-05""]]"
drop_qual_test,69,20261271,SWR-02,True,False,0.9696969696969697,1,"[[""C5"", ""SWR-02""]]"
drop_qual_test,70,20261272,SWR-00,True,False,0.9696969696969697,1,"[[""C5"", ""SWR-00""]]"
drop_qual_test,71,20261273,SWR-01,True,False,0.9696969696969697,1,"[[""C5"", ""SWR-01""]]"
drop_qual_test,72,20261274,SWR-01,True,False,0.9696969696969697,1,"[[""C5"", ""SWR-01""]]"
drop_qual_test,73,20261275,SWR-04,True,False,0.9696969696969697,1,"[[""C5"", ""SWR-04""]]"
drop_qual_test,74,20261276,SWR-04,True,False,0.9696969696969697,1,"[[""C5"", ""SWR-04""]]"
drop_qual_test,75,20261277,SWR-02,True,False,0.9696969696969697,1,"[[""C5"", ""SWR-02""]]"
drop_qual_test,76,20261278,SWR-05,True,False,0.9696969696969697,1,"[[""C5"", ""SWR-05""]]"
drop_qual_test,77,20261279,SWR-00,True,False,0.9696969696969697,1,"[[""C5"", ""SWR-00""]]"
drop_qual_test,78,20261280,SWR-03,True,False,0.9696969696969697,1,"[[""C5"", ""SWR-03""]]"
drop_qual_test,79,20261281,SWR-02,True,False,0.9696969696969697,1,"[[""C5"", ""SWR-02""]]"
drop_qual_test,80,20261282,SWR-05,True,False,0.9696969696969697,1,"[[""C5"", ""SWR-05""]]"
drop_qual_test,81,20261283,SWR-04,True,False,0.9696969696969697,1,"[[""C5"", ""SWR-04""]]"
drop_qual_test,82,20261284,SWR-04,True,False,0.9696969696969697,1,"[[""C5"", ""SWR-04""]]"
drop_qual_test,83,20261285,SWR-04,True,False,0.9696969696969697,1,"[[""C5"", ""SWR-04""]]"
drop_qual_test,84,20261286,SWR-05,True,False,0.9696969696969697,1,"[[""C5"", ""SWR-05""]]"
drop_qual_test,85,20261287,SWR-05,True,False,0.9696969696969697,1,"[[""C5"", ""SWR-05""]]"
drop_qual_test,86,20261288,SWR-00,True,False,0.9696969696969697,1,"[[""C5"", ""SWR-00""]]"
drop_qual_test,87,20261289,SWR-00,True,False,0.9696969696969697,1,"[[""C5"", ""SWR-00""]]"
drop_qual_test,88,20261290,SWR-04,True,False,0.9696969696969697,1,"[[""C5"", ""SWR-04""]]"
drop_qual_test,89,20261291,SWR-03,True,False,0.9696969696969697,1,"[[""C5"", ""SWR-03""]]"
drop_qual_test,90,20261292,SWR-05,True,False,0.9696969696969697,1,"[[""C5"", ""SWR-05""]]"
drop_qual_test,91,20261293,SWR-01,True,False,0.9696969696969697,1,"[[""C5"", ""SWR-01""]]"
drop_qual_test,92,20261294,SWR-05,True,False,0.9696969696969697,1,"[[""C5"", ""SWR-05""]]"
drop_qual_test,93,20261295,SWR-02,True,False,0.9696969696969697,1,"[[""C5"", ""SWR-02""]]"
drop_qual_test,94,20261296,SWR-04,True,False,0.9696969696969697,1,"[[""C5"", ""SWR-04""]]"
drop_qual_test,95,20261297,SWR-05,True,False,0.9696969696969697,1,"[[""C5"", ""SWR-05""]]"
drop_qual_test,96,20261298,SWR-05,True,False,0.9696969696969697,1,"[[""C5"", ""SWR-05""]]"
drop_qual_test,97,20261299,SWR-04,True,False,0.9696969696969697,1,"[[""C5"", ""SWR-04""]]"
drop_qual_test,98,20261300,SWR-00,True,False,0.9696969696969697,1,"[[""C5"", ""SWR-00""]]"
drop_qual_test,99,20261301,SWR-05,True,False,0.9696969696969697,1,"[[""C5"", ""SWR-05""]]"
drop_qual_test,100,20261302,SWR-00,True,False,0.9696969696969697,1,"[[""C5"", ""SWR-00""]]"
orphan_unit,1,20261303,UNIT-00,True,False,0.9705882352941176,1,"[[""C4"", ""UNIT-00""]]"
orphan_unit,2,20261304,UNIT-00,True,False,0.9705882352941176,1,"[[""C4"", ""UNIT-00""]]"
orphan_unit,3,20261305,UNIT-05,True,False,0.9705882352941176,1,"[[""C4"", ""UNIT-05""]]"
orphan_unit,4,20261306,UNIT-01,True,False,0.9705882352941176,1,"[[""C4"", ""UNIT-01""]]"
orphan_unit,5,20261307,UNIT-04,True,False,0.9705882352941176,1,"[[""C4"", ""UNIT-04""]]"
orphan_unit,6,20261308,UNIT-05,True,False,0.9705882352941176,1,"[[""C4"", ""UNIT-05""]]"
orphan_unit,7,20261309,UNIT-03,True,False,0.9705882352941176,1,"[[""C4"", ""UNIT-03""]]"
orphan_unit,8,20261310,UNIT-00,True,False,0.9705882352941176,1,"[[""C4"", ""UNIT-00""]]"
orphan_unit,9,20261311,UNIT-05,True,False,0.9705882352941176,1,"[[""C4"", ""UNIT-05""]]"
orphan_unit,10,20261312,UNIT-02,True,False,0.9705882352941176,1,"[[""C4"", ""UNIT-02""]]"
orphan_unit,11,20261313,UNIT-04,True,False,0.9705882352941176,1,"[[""C4"", ""UNIT-04""]]"
orphan_unit,12,20261314,UNIT-02,True,False,0.9705882352941176,1,"[[""C4"", ""UNIT-02""]]"
orphan_unit,13,20261315,UNIT-01,True,False,0.9705882352941176,1,"[[""C4"", ""UNIT-01""]]"
orphan_unit,14,20261316,UNIT-02,True,False,0.9705882352941176,1,"[[""C4"", ""UNIT-02""]]"
orphan_unit,15,20261317,UNIT-03,True,False,0.9705882352941176,1,"[[""C4"", ""UNIT-03""]]"
orphan_unit,16,20261318,UNIT-02,True,False,0.9705882352941176,1,"[[""C4"", ""UNIT-02""]]"
orphan_unit,17,20261319,UNIT-05,True,False,0.9705882352941176,1,"[[""C4"", ""UNIT-05""]]"
orphan_unit,18,20261320,UNIT-00,True,False,0.9705882352941176,1,"[[""C4"", ""UNIT-00""]]"
orphan_unit,19,20261321,UNIT-03,True,False,0.9705882352941176,1,"[[""C4"", ""UNIT-03""]]"
orphan_unit,20,20261322,UNIT-05,True,False,0.9705882352941176,1,"[[""C4"", ""UNIT-05""]]"
orphan_unit,21,20261323,UNIT-01,True,False,0.9705882352941176,1,"[[""C4"", ""UNIT-01""]]"
orphan_unit,22,20261324,UNIT-01,True,False,0.9705882352941176,1,"[[""C4"", ""UNIT-01""]]"
orphan_unit,23,20261325,UNIT-03,True,False,0.9705882352941176,1,"[[""C4"", ""UNIT-03""]]"
orphan_unit,24,20261326,UNIT-05,True,False,0.9705882352941176,1,"[[""C4"", ""UNIT-05""]]"
orphan_unit,25,20261327,UNIT-02,True,False,0.9705882352941176,1,"[[""C4"", ""UNIT-02""]]"
orphan_unit,26,20261328,UNIT-00,True,False,0.9705882352941176,1,"[[""C4"", ""UNIT-00""]]"
orphan_unit,27,20261329,UNIT-04,True,False,0.9705882352941176,1,"[[""C4"", ""UNIT-04""]]"
orphan_unit,28,20261330,UNIT-05,True,False,0.9705882352941176,1,"[[""C4"", ""UNIT-05""]]"
orphan_unit,29,20261331,UNIT-05,True,False,0.9705882352941176,1,"[[""C4"", ""UNIT-05""]]"
orphan_unit,30,20261332,UNIT-05,True,False,0.9705882352941176,1,"[[""C4"", ""UNIT-05""]]"
orphan_unit,31,20261333,UNIT-01,True,False,0.9705882352941176,1,"[[""C4"", ""UNIT-01""]]"
orphan_unit,32,20261334,UNIT-00,True,False,0.9705882352941176,1,"[[""C4"", ""UNIT-00""]]"
orphan_unit,33,20261335,UNIT-02,True,False,0.9705882352941176,1,"[[""C4"", ""UNIT-02""]]"
orphan_unit,34,20261336,UNIT-04,True,False,0.9705882352941176,1,"[[""C4"", ""UNIT-04""]]"
orphan_unit,35,20261337,UNIT-04,True,False,0.9705882352941176,1,"[[""C4"", ""UNIT-04""]]"
orphan_unit,36,20261338,UNIT-04,True,False,0.9705882352941176,1,"[[""C4"", ""UNIT-04""]]"
orphan_unit,37,20261339,UNIT-00,True,False,0.9705882352941176,1,"[[""C4"", ""UNIT-00""]]"
orphan_unit,38,20261340,UNIT-05,True,False,0.9705882352941176,1,"[[""C4"", ""UNIT-05""]]"
orphan_unit,39,20261341,UNIT-02,True,False,0.9705882352941176,1,"[[""C4"", ""UNIT-02""]]"
orphan_unit,40,20261342,UNIT-04,True,False,0.9705882352941176,1,"[[""C4"", ""UNIT-04""]]"
orphan_unit,41,20261343,UNIT-00,True,False,0.9705882352941176,1,"[[""C4"", ""UNIT-00""]]"
orphan_unit,42,20261344,UNIT-03,True,False,0.9705882352941176,1,"[[""C4"", ""UNIT-03""]]"
orphan_unit,43,20261345,UNIT-05,True,False,0.9705882352941176,1,"[[""C4"", ""UNIT-05""]]"
orphan_unit,44,20261346,UNIT-02,True,False,0.9705882352941176,1,"[[""C4"", ""UNIT-02""]]"
orphan_unit,45,20261347,UNIT-02,True,False,0.9705882352941176,1,"[[""C4"", ""UNIT-02""]]"
orphan_unit,46,20261348,UNIT-05,True,False,0.9705882352941176,1,"[[""C4"", ""UNIT-05""]]"
orphan_unit,47,20261349,UNIT-05,True,False,0.9705882352941176,1,"[[""C4"", ""UNIT-05""]]"
orphan_unit,48,20261350,UNIT-05,True,False,0.9705882352941176,1,"[[""C4"", ""UNIT-05""]]"
orphan_unit,49,20261351,UNIT-03,True,False,0.9705882352941176,1,"[[""C4"", ""UNIT-03""]]"
orphan_unit,50,20261352,UNIT-05,True,False,0.9705882352941176,1,"[[""C4"", ""UNIT-05""]]"
orphan_unit,51,20261353,UNIT-03,True,False,0.9705882352941176,1,"[[""C4"", ""UNIT-03""]]"
orphan_unit,52,20261354,UNIT-01,True,False,0.9705882352941176,1,"[[""C4"", ""UNIT-01""]]"
orphan_unit,53,20261355,UNIT-03,True,False,0.9705882352941176,1,"[[""C4"", ""UNIT-03""]]"
orphan_unit,54,20261356,UNIT-04,True,False,0.9705882352941176,1,"[[""C4"", ""UNIT-04""]]"
orphan_unit,55,20261357,UNIT-02,True,False,0.9705882352941176,1,"[[""C4"", ""UNIT-02""]]"
orphan_unit,56,20261358,UNIT-05,True,False,0.9705882352941176,1,"[[""C4"", ""UNIT-05""]]"
orphan_unit,57,20261359,UNIT-02,True,False,0.9705882352941176,1,"[[""C4"", ""UNIT-02""]]"
orphan_unit,58,20261360,UNIT-01,True,False,0.9705882352941176,1,"[[""C4"", ""UNIT-01""]]"
orphan_unit,59,20261361,UNIT-02,True,False,0.9705882352941176,1,"[[""C4"", ""UNIT-02""]]"
orphan_unit,60,20261362,UNIT-05,True,False,0.9705882352941176,1,"[[""C4"", ""UNIT-05""]]"
orphan_unit,61,20261363,UNIT-03,True,False,0.9705882352941176,1,"[[""C4"", ""UNIT-03""]]"
orphan_unit,62,20261364,UNIT-05,True,False,0.9705882352941176,1,"[[""C4"", ""UNIT-05""]]"
orphan_unit,63,20261365,UNIT-03,True,False,0.9705882352941176,1,"[[""C4"", ""UNIT-03""]]"
orphan_unit,64,20261366,UNIT-04,True,False,0.9705882352941176,1,"[[""C4"", ""UNIT-04""]]"
orphan_unit,65,20261367,UNIT-04,True,False,0.9705882352941176,1,"[[""C4"", ""UNIT-04""]]"
orphan_unit,66,20261368,UNIT-02,True,False,0.9705882352941176,1,"[[""C4"", ""UNIT-02""]]"
orphan_unit,67,20261369,UNIT-05,True,False,0.9705882352941176,1,"[[""C4"", ""UNIT-05""]]"
orphan_unit,68,20261370,UNIT-00,True,False,0.9705882352941176,1,"[[""C4"", ""UNIT-00""]]"
orphan_unit,69,20261371,UNIT-03,True,False,0.9705882352941176,1,"[[""C4"", ""UNIT-03""]]"
orphan_unit,70,20261372,UNIT-04,True,False,0.9705882352941176,1,"[[""C4"", ""UNIT-04""]]"
orphan_unit,71,20261373,UNIT-01,True,False,0.9705882352941176,1,"[[""C4"", ""UNIT-01""]]"
orphan_unit,72,20261374,UNIT-05,True,False,0.9705882352941176,1,"[[""C4"", ""UNIT-05""]]"
orphan_unit,73,20261375,UNIT-00,True,False,0.9705882352941176,1,"[[""C4"", ""UNIT-00""]]"
orphan_unit,74,20261376,UNIT-04,True,False,0.9705882352941176,1,"[[""C4"", ""UNIT-04""]]"
orphan_unit,75,20261377,UNIT-01,True,False,0.9705882352941176,1,"[[""C4"", ""UNIT-01""]]"
orphan_unit,76,20261378,UNIT-00,True,False,0.9705882352941176,1,"[[""C4"", ""UNIT-00""]]"
orphan_unit,77,20261379,UNIT-04,True,False,0.9705882352941176,1,"[[""C4"", ""UNIT-04""]]"
orphan_unit,78,20261380,UNIT-04,True,False,0.9705882352941176,1,"[[""C4"", ""UNIT-04""]]"
orphan_unit,79,20261381,UNIT-02,True,False,0.9705882352941176,1,"[[""C4"", ""UNIT-02""]]"
orphan_unit,80,20261382,UNIT-05,True,False,0.9705882352941176,1,"[[""C4"", ""UNIT-05""]]"
orphan_unit,81,20261383,UNIT-05,True,False,0.9705882352941176,1,"[[""C4"", ""UNIT-05""]]"
orphan_unit,82,20261384,UNIT-04,True,False,0.9705882352941176,1,"[[""C4"", ""UNIT-04""]]"
orphan_unit,83,20261385,UNIT-04,True,False,0.9705882352941176,1,"[[""C4"", ""UNIT-04""]]"
orphan_unit,84,20261386,UNIT-04,True,False,0.9705882352941176,1,"[[""C4"", ""UNIT-04""]]"
orphan_unit,85,20261387,UNIT-04,True,False,0.9705882352941176,1,"[[""C4"", ""UNIT-04""]]"
orphan_unit,86,20261388,UNIT-04,True,False,0.9705882352941176,1,"[[""C4"", ""UNIT-04""]]"
orphan_unit,87,20261389,UNIT-01,True,False,0.9705882352941176,1,"[[""C4"", ""UNIT-01""]]"
orphan_unit,88,20261390,UNIT-05,True,False,0.9705882352941176,1,"[[""C4"", ""UNIT-05""]]"
orphan_unit,89,20261391,UNIT-04,True,False,0.9705882352941176,1,"[[""C4"", ""UNIT-04""]]"
orphan_unit,90,20261392,UNIT-04,True,False,0.9705882352941176,1,"[[""C4"", ""UNIT-04""]]"
orphan_unit,91,20261393,UNIT-00,True,False,0.9705882352941176,1,"[[""C4"", ""UNIT-00""]]"
orphan_unit,92,20261394,UNIT-02,True,False,0.9705882352941176,1,"[[""C4"", ""UNIT-02""]]"
orphan_unit,93,20261395,UNIT-04,True,False,0.9705882352941176,1,"[[""C4"", ""UNIT-04""]]"
orphan_unit,94,20261396,UNIT-05,True,False,0.9705882352941176,1,"[[""C4"", ""UNIT-05""]]"
orphan_unit,95,20261397,UNIT-03,True,False,0.9705882352941176,1,"[[""C4"", ""UNIT-03""]]"
orphan_unit,96,20261398,UNIT-03,True,False,0.9705882352941176,1,"[[""C4"", ""UNIT-03""]]"
orphan_unit,97,20261399,UNIT-03,True,False,0.9705882352941176,1,"[[""C4"", ""UNIT-03""]]"
orphan_unit,98,20261400,UNIT-03,True,False,0.9705882352941176,1,"[[""C4"", ""UNIT-03""]]"
orphan_unit,99,20261401,UNIT-05,True,False,0.9705882352941176,1,"[[""C4"", ""UNIT-05""]]"
orphan_unit,100,20261402,UNIT-04,True,False,0.9705882352941176,1,"[[""C4"", ""UNIT-04""]]"
drop_allocation,1,20261403,SWR-02,True,False,0.9705882352941176,1,"[[""C3"", ""SWR-02""]]"
drop_allocation,2,20261404,SWR-03,True,False,0.9705882352941176,1,"[[""C3"", ""SWR-03""]]"
drop_allocation,3,20261405,SWR-04,True,False,0.9705882352941176,1,"[[""C3"", ""SWR-04""]]"
drop_allocation,4,20261406,SWR-03,True,False,0.9705882352941176,1,"[[""C3"", ""SWR-03""]]"
drop_allocation,5,20261407,SWR-02,True,False,0.9705882352941176,1,"[[""C3"", ""SWR-02""]]"
drop_allocation,6,20261408,SWR-02,True,False,0.9705882352941176,1,"[[""C3"", ""SWR-02""]]"
drop_allocation,7,20261409,SWR-03,True,False,0.9705882352941176,1,"[[""C3"", ""SWR-03""]]"
drop_allocation,8,20261410,SWR-05,True,False,0.9705882352941176,1,"[[""C3"", ""SWR-05""]]"
drop_allocation,9,20261411,SWR-01,True,False,0.9705882352941176,1,"[[""C3"", ""SWR-01""]]"
drop_allocation,10,20261412,SWR-05,True,False,0.9705882352941176,1,"[[""C3"", ""SWR-05""]]"
drop_allocation,11,20261413,SWR-02,True,False,0.9705882352941176,1,"[[""C3"", ""SWR-02""]]"
drop_allocation,12,20261414,SWR-04,True,False,0.9705882352941176,1,"[[""C3"", ""SWR-04""]]"
drop_allocation,13,20261415,SWR-01,True,False,0.9705882352941176,1,"[[""C3"", ""SWR-01""]]"
drop_allocation,14,20261416,SWR-03,True,False,0.9705882352941176,1,"[[""C3"", ""SWR-03""]]"
drop_allocation,15,20261417,SWR-04,True,False,0.9705882352941176,1,"[[""C3"", ""SWR-04""]]"
drop_allocation,16,20261418,SWR-05,True,False,0.9705882352941176,1,"[[""C3"", ""SWR-05""]]"
drop_allocation,17,20261419,SWR-03,True,False,0.9705882352941176,1,"[[""C3"", ""SWR-03""]]"
drop_allocation,18,20261420,SWR-05,True,False,0.9705882352941176,1,"[[""C3"", ""SWR-05""]]"
drop_allocation,19,20261421,SWR-01,True,False,0.9705882352941176,1,"[[""C3"", ""SWR-01""]]"
drop_allocation,20,20261422,SWR-01,True,False,0.9705882352941176,1,"[[""C3"", ""SWR-01""]]"
drop_allocation,21,20261423,SWR-02,True,False,0.9705882352941176,1,"[[""C3"", ""SWR-02""]]"
drop_allocation,22,20261424,SWR-02,True,False,0.9705882352941176,1,"[[""C3"", ""SWR-02""]]"
drop_allocation,23,20261425,SWR-04,True,False,0.9705882352941176,1,"[[""C3"", ""SWR-04""]]"
drop_allocation,24,20261426,SWR-01,True,False,0.9705882352941176,1,"[[""C3"", ""SWR-01""]]"
drop_allocation,25,20261427,SWR-05,True,False,0.9705882352941176,1,"[[""C3"", ""SWR-05""]]"
drop_allocation,26,20261428,SWR-00,True,False,0.9705882352941176,1,"[[""C3"", ""SWR-00""]]"
drop_allocation,27,20261429,SWR-00,True,False,0.9705882352941176,1,"[[""C3"", ""SWR-00""]]"
drop_allocation,28,20261430,SWR-00,True,False,0.9705882352941176,1,"[[""C3"", ""SWR-00""]]"
drop_allocation,29,20261431,SWR-05,True,False,0.9705882352941176,1,"[[""C3"", ""SWR-05""]]"
drop_allocation,30,20261432,SWR-05,True,False,0.9705882352941176,1,"[[""C3"", ""SWR-05""]]"
drop_allocation,31,20261433,SWR-03,True,False,0.9705882352941176,1,"[[""C3"", ""SWR-03""]]"
drop_allocation,32,20261434,SWR-03,True,False,0.9705882352941176,1,"[[""C3"", ""SWR-03""]]"
drop_allocation,33,20261435,SWR-01,True,False,0.9705882352941176,1,"[[""C3"", ""SWR-01""]]"
drop_allocation,34,20261436,SWR-03,True,False,0.9705882352941176,1,"[[""C3"", ""SWR-03""]]"
drop_allocation,35,20261437,SWR-05,True,False,0.9705882352941176,1,"[[""C3"", ""SWR-05""]]"
drop_allocation,36,20261438,SWR-02,True,False,0.9705882352941176,1,"[[""C3"", ""SWR-02""]]"
drop_allocation,37,20261439,SWR-02,True,False,0.9705882352941176,1,"[[""C3"", ""SWR-02""]]"
drop_allocation,38,20261440,SWR-00,True,False,0.9705882352941176,1,"[[""C3"", ""SWR-00""]]"
drop_allocation,39,20261441,SWR-03,True,False,0.9705882352941176,1,"[[""C3"", ""SWR-03""]]"
drop_allocation,40,20261442,SWR-04,True,False,0.9705882352941176,1,"[[""C3"", ""SWR-04""]]"
drop_allocation,41,20261443,SWR-03,True,False,0.9705882352941176,1,"[[""C3"", ""SWR-03""]]"
drop_allocation,42,20261444,SWR-05,True,False,0.9705882352941176,1,"[[""C3"", ""SWR-05""]]"
drop_allocation,43,20261445,SWR-03,True,False,0.9705882352941176,1,"[[""C3"", ""SWR-03""]]"
drop_allocation,44,20261446,SWR-01,True,False,0.9705882352941176,1,"[[""C3"", ""SWR-01""]]"
drop_allocation,45,20261447,SWR-02,True,False,0.9705882352941176,1,"[[""C3"", ""SWR-02""]]"
drop_allocation,46,20261448,SWR-01,True,False,0.9705882352941176,1,"[[""C3"", ""SWR-01""]]"
drop_allocation,47,20261449,SWR-03,True,False,0.9705882352941176,1,"[[""C3"", ""SWR-03""]]"
drop_allocation,48,20261450,SWR-00,True,False,0.9705882352941176,1,"[[""C3"", ""SWR-00""]]"
drop_allocation,49,20261451,SWR-05,True,False,0.9705882352941176,1,"[[""C3"", ""SWR-05""]]"
drop_allocation,50,20261452,SWR-00,True,False,0.9705882352941176,1,"[[""C3"", ""SWR-00""]]"
drop_allocation,51,20261453,SWR-04,True,False,0.9705882352941176,1,"[[""C3"", ""SWR-04""]]"
drop_allocation,52,20261454,SWR-02,True,False,0.9705882352941176,1,"[[""C3"", ""SWR-02""]]"
drop_allocation,53,20261455,SWR-01,True,False,0.9705882352941176,1,"[[""C3"", ""SWR-01""]]"
drop_allocation,54,20261456,SWR-02,True,False,0.9705882352941176,1,"[[""C3"", ""SWR-02""]]"
drop_allocation,55,20261457,SWR-05,True,False,0.9705882352941176,1,"[[""C3"", ""SWR-05""]]"
drop_allocation,56,20261458,SWR-05,True,False,0.9705882352941176,1,"[[""C3"", ""SWR-05""]]"
drop_allocation,57,20261459,SWR-00,True,False,0.9705882352941176,1,"[[""C3"", ""SWR-00""]]"
drop_allocation,58,20261460,SWR-00,True,False,0.9705882352941176,1,"[[""C3"", ""SWR-00""]]"
drop_allocation,59,20261461,SWR-03,True,False,0.9705882352941176,1,"[[""C3"", ""SWR-03""]]"
drop_allocation,60,20261462,SWR-05,True,False,0.9705882352941176,1,"[[""C3"", ""SWR-05""]]"
drop_allocation,61,20261463,SWR-00,True,False,0.9705882352941176,1,"[[""C3"", ""SWR-00""]]"
drop_allocation,62,20261464,SWR-00,True,False,0.9705882352941176,1,"[[""C3"", ""SWR-00""]]"
drop_allocation,63,20261465,SWR-05,True,False,0.9705882352941176,1,"[[""C3"", ""SWR-05""]]"
drop_allocation,64,20261466,SWR-00,True,False,0.9705882352941176,1,"[[""C3"", ""SWR-00""]]"
drop_allocation,65,20261467,SWR-04,True,False,0.9705882352941176,1,"[[""C3"", ""SWR-04""]]"
drop_allocation,66,20261468,SWR-05,True,False,0.9705882352941176,1,"[[""C3"", ""SWR-05""]]"
drop_allocation,67,20261469,SWR-03,True,False,0.9705882352941176,1,"[[""C3"", ""SWR-03""]]"
drop_allocation,68,20261470,SWR-04,True,False,0.9705882352941176,1,"[[""C3"", ""SWR-04""]]"
drop_allocation,69,20261471,SWR-00,True,False,0.9705882352941176,1,"[[""C3"", ""SWR-00""]]"
drop_allocation,70,20261472,SWR-05,True,False,0.9705882352941176,1,"[[""C3"", ""SWR-05""]]"
drop_allocation,71,20261473,SWR-00,True,False,0.9705882352941176,1,"[[""C3"", ""SWR-00""]]"
drop_allocation,72,20261474,SWR-04,True,False,0.9705882352941176,1,"[[""C3"", ""SWR-04""]]"
drop_allocation,73,20261475,SWR-04,True,False,0.9705882352941176,1,"[[""C3"", ""SWR-04""]]"
drop_allocation,74,20261476,SWR-00,True,False,0.9705882352941176,1,"[[""C3"", ""SWR-00""]]"
drop_allocation,75,20261477,SWR-05,True,False,0.9705882352941176,1,"[[""C3"", ""SWR-05""]]"
drop_allocation,76,20261478,SWR-03,True,False,0.9705882352941176,1,"[[""C3"", ""SWR-03""]]"
drop_allocation,77,20261479,SWR-03,True,False,0.9705882352941176,1,"[[""C3"", ""SWR-03""]]"
drop_allocation,78,20261480,SWR-02,True,False,0.9705882352941176,1,"[[""C3"", ""SWR-02""]]"
drop_allocation,79,20261481,SWR-02,True,False,0.9705882352941176,1,"[[""C3"", ""SWR-02""]]"
drop_allocation,80,20261482,SWR-05,True,False,0.9705882352941176,1,"[[""C3"", ""SWR-05""]]"
drop_allocation,81,20261483,SWR-02,True,False,0.9705882352941176,1,"[[""C3"", ""SWR-02""]]"
drop_allocation,82,20261484,SWR-03,True,False,0.9705882352941176,1,"[[""C3"", ""SWR-03""]]"
drop_allocation,83,20261485,SWR-00,True,False,0.9705882352941176,1,"[[""C3"", ""SWR-00""]]"
drop_allocation,84,20261486,SWR-00,True,False,0.9705882352941176,1,"[[""C3"", ""SWR-00""]]"
drop_allocation,85,20261487,SWR-04,True,False,0.9705882352941176,1,"[[""C3"", ""SWR-04""]]"
drop_allocation,86,20261488,SWR-01,True,False,0.9705882352941176,1,"[[""C3"", ""SWR-01""]]"
drop_allocation,87,20261489,SWR-00,True,False,0.9705882352941176,1,"[[""C3"", ""SWR-00""]]"
drop_allocation,88,20261490,SWR-05,True,False,0.9705882352941176,1,"[[""C3"", ""SWR-05""]]"
drop_allocation,89,20261491,SWR-03,True,False,0.9705882352941176,1,"[[""C3"", ""SWR-03""]]"
drop_allocation,90,20261492,SWR-02,True,False,0.9705882352941176,1,"[[""C3"", ""SWR-02""]]"
drop_allocation,91,20261493,SWR-01,True,False,0.9705882352941176,1,"[[""C3"", ""SWR-01""]]"
drop_allocation,92,20261494,SWR-05,True,False,0.9705882352941176,1,"[[""C3"", ""SWR-05""]]"
drop_allocation,93,20261495,SWR-01,True,False,0.9705882352941176,1,"[[""C3"", ""SWR-01""]]"
drop_allocation,94,20261496,SWR-00,True,False,0.9705882352941176,1,"[[""C3"", ""SWR-00""]]"
drop_allocation,95,20261497,SWR-05,True,False,0.9705882352941176,1,"[[""C3"", ""SWR-05""]]"
drop_allocation,96,20261498,SWR-05,True,False,0.9705882352941176,1,"[[""C3"", ""SWR-05""]]"
drop_allocation,97,20261499,SWR-00,True,False,0.9705882352941176,1,"[[""C3"", ""SWR-00""]]"
drop_allocation,98,20261500,SWR-02,True,False,0.9705882352941176,1,"[[""C3"", ""SWR-02""]]"
drop_allocation,99,20261501,SWR-03,True,False,0.9705882352941176,1,"[[""C3"", ""SWR-03""]]"
drop_allocation,100,20261502,SWR-02,True,False,0.9705882352941176,1,"[[""C3"", ""SWR-02""]]"
dangling_link,1,20261503,SWR-02,True,False,0.9705882352941176,1,"[[""dangling"", ""SWR-02->SYS-NONEXIST""]]"
dangling_link,2,20261504,SWR-03,True,False,0.9705882352941176,1,"[[""dangling"", ""SWR-03->SYS-NONEXIST""]]"
dangling_link,3,20261505,SWR-04,True,False,0.9705882352941176,1,"[[""dangling"", ""SWR-04->SYS-NONEXIST""]]"
dangling_link,4,20261506,SWR-02,True,False,0.9705882352941176,1,"[[""dangling"", ""SWR-02->SYS-NONEXIST""]]"
dangling_link,5,20261507,SWR-02,True,False,0.9705882352941176,1,"[[""dangling"", ""SWR-02->SYS-NONEXIST""]]"
dangling_link,6,20261508,SWR-05,True,False,0.9705882352941176,1,"[[""dangling"", ""SWR-05->SYS-NONEXIST""]]"
dangling_link,7,20261509,SWR-03,True,False,0.9705882352941176,1,"[[""dangling"", ""SWR-03->SYS-NONEXIST""]]"
dangling_link,8,20261510,SWR-03,True,False,0.9705882352941176,1,"[[""dangling"", ""SWR-03->SYS-NONEXIST""]]"
dangling_link,9,20261511,SWR-02,True,False,0.9705882352941176,1,"[[""dangling"", ""SWR-02->SYS-NONEXIST""]]"
dangling_link,10,20261512,SWR-04,True,False,0.9705882352941176,1,"[[""dangling"", ""SWR-04->SYS-NONEXIST""]]"
dangling_link,11,20261513,SWR-03,True,False,0.9705882352941176,1,"[[""dangling"", ""SWR-03->SYS-NONEXIST""]]"
dangling_link,12,20261514,SWR-00,True,False,0.9705882352941176,1,"[[""dangling"", ""SWR-00->SYS-NONEXIST""]]"
dangling_link,13,20261515,SWR-01,True,False,0.9705882352941176,1,"[[""dangling"", ""SWR-01->SYS-NONEXIST""]]"
dangling_link,14,20261516,SWR-01,True,False,0.9705882352941176,1,"[[""dangling"", ""SWR-01->SYS-NONEXIST""]]"
dangling_link,15,20261517,SWR-05,True,False,0.9705882352941176,1,"[[""dangling"", ""SWR-05->SYS-NONEXIST""]]"
dangling_link,16,20261518,SWR-02,True,False,0.9705882352941176,1,"[[""dangling"", ""SWR-02->SYS-NONEXIST""]]"
dangling_link,17,20261519,SWR-02,True,False,0.9705882352941176,1,"[[""dangling"", ""SWR-02->SYS-NONEXIST""]]"
dangling_link,18,20261520,SWR-02,True,False,0.9705882352941176,1,"[[""dangling"", ""SWR-02->SYS-NONEXIST""]]"
dangling_link,19,20261521,SWR-01,True,False,0.9705882352941176,1,"[[""dangling"", ""SWR-01->SYS-NONEXIST""]]"
dangling_link,20,20261522,SWR-04,True,False,0.9705882352941176,1,"[[""dangling"", ""SWR-04->SYS-NONEXIST""]]"
dangling_link,21,20261523,SWR-00,True,False,0.9705882352941176,1,"[[""dangling"", ""SWR-00->SYS-NONEXIST""]]"
dangling_link,22,20261524,SWR-03,True,False,0.9705882352941176,1,"[[""dangling"", ""SWR-03->SYS-NONEXIST""]]"
dangling_link,23,20261525,SWR-03,True,False,0.9705882352941176,1,"[[""dangling"", ""SWR-03->SYS-NONEXIST""]]"
dangling_link,24,20261526,SWR-01,True,False,0.9705882352941176,1,"[[""dangling"", ""SWR-01->SYS-NONEXIST""]]"
dangling_link,25,20261527,SWR-03,True,False,0.9705882352941176,1,"[[""dangling"", ""SWR-03->SYS-NONEXIST""]]"
dangling_link,26,20261528,SWR-01,True,False,0.9705882352941176,1,"[[""dangling"", ""SWR-01->SYS-NONEXIST""]]"
dangling_link,27,20261529,SWR-03,True,False,0.9705882352941176,1,"[[""dangling"", ""SWR-03->SYS-NONEXIST""]]"
dangling_link,28,20261530,SWR-04,True,False,0.9705882352941176,1,"[[""dangling"", ""SWR-04->SYS-NONEXIST""]]"
dangling_link,29,20261531,SWR-05,True,False,0.9705882352941176,1,"[[""dangling"", ""SWR-05->SYS-NONEXIST""]]"
dangling_link,30,20261532,SWR-05,True,False,0.9705882352941176,1,"[[""dangling"", ""SWR-05->SYS-NONEXIST""]]"
dangling_link,31,20261533,SWR-03,True,False,0.9705882352941176,1,"[[""dangling"", ""SWR-03->SYS-NONEXIST""]]"
dangling_link,32,20261534,SWR-02,True,False,0.9705882352941176,1,"[[""dangling"", ""SWR-02->SYS-NONEXIST""]]"
dangling_link,33,20261535,SWR-00,True,False,0.9705882352941176,1,"[[""dangling"", ""SWR-00->SYS-NONEXIST""]]"
dangling_link,34,20261536,SWR-00,True,False,0.9705882352941176,1,"[[""dangling"", ""SWR-00->SYS-NONEXIST""]]"
dangling_link,35,20261537,SWR-01,True,False,0.9705882352941176,1,"[[""dangling"", ""SWR-01->SYS-NONEXIST""]]"
dangling_link,36,20261538,SWR-03,True,False,0.9705882352941176,1,"[[""dangling"", ""SWR-03->SYS-NONEXIST""]]"
dangling_link,37,20261539,SWR-02,True,False,0.9705882352941176,1,"[[""dangling"", ""SWR-02->SYS-NONEXIST""]]"
dangling_link,38,20261540,SWR-00,True,False,0.9705882352941176,1,"[[""dangling"", ""SWR-00->SYS-NONEXIST""]]"
dangling_link,39,20261541,SWR-00,True,False,0.9705882352941176,1,"[[""dangling"", ""SWR-00->SYS-NONEXIST""]]"
dangling_link,40,20261542,SWR-04,True,False,0.9705882352941176,1,"[[""dangling"", ""SWR-04->SYS-NONEXIST""]]"
dangling_link,41,20261543,SWR-04,True,False,0.9705882352941176,1,"[[""dangling"", ""SWR-04->SYS-NONEXIST""]]"
dangling_link,42,20261544,SWR-05,True,False,0.9705882352941176,1,"[[""dangling"", ""SWR-05->SYS-NONEXIST""]]"
dangling_link,43,20261545,SWR-02,True,False,0.9705882352941176,1,"[[""dangling"", ""SWR-02->SYS-NONEXIST""]]"
dangling_link,44,20261546,SWR-02,True,False,0.9705882352941176,1,"[[""dangling"", ""SWR-02->SYS-NONEXIST""]]"
dangling_link,45,20261547,SWR-05,True,False,0.9705882352941176,1,"[[""dangling"", ""SWR-05->SYS-NONEXIST""]]"
dangling_link,46,20261548,SWR-04,True,False,0.9705882352941176,1,"[[""dangling"", ""SWR-04->SYS-NONEXIST""]]"
dangling_link,47,20261549,SWR-01,True,False,0.9705882352941176,1,"[[""dangling"", ""SWR-01->SYS-NONEXIST""]]"
dangling_link,48,20261550,SWR-02,True,False,0.9705882352941176,1,"[[""dangling"", ""SWR-02->SYS-NONEXIST""]]"
dangling_link,49,20261551,SWR-05,True,False,0.9705882352941176,1,"[[""dangling"", ""SWR-05->SYS-NONEXIST""]]"
dangling_link,50,20261552,SWR-05,True,False,0.9705882352941176,1,"[[""dangling"", ""SWR-05->SYS-NONEXIST""]]"
dangling_link,51,20261553,SWR-05,True,False,0.9705882352941176,1,"[[""dangling"", ""SWR-05->SYS-NONEXIST""]]"
dangling_link,52,20261554,SWR-02,True,False,0.9705882352941176,1,"[[""dangling"", ""SWR-02->SYS-NONEXIST""]]"
dangling_link,53,20261555,SWR-02,True,False,0.9705882352941176,1,"[[""dangling"", ""SWR-02->SYS-NONEXIST""]]"
dangling_link,54,20261556,SWR-04,True,False,0.9705882352941176,1,"[[""dangling"", ""SWR-04->SYS-NONEXIST""]]"
dangling_link,55,20261557,SWR-01,True,False,0.9705882352941176,1,"[[""dangling"", ""SWR-01->SYS-NONEXIST""]]"
dangling_link,56,20261558,SWR-01,True,False,0.9705882352941176,1,"[[""dangling"", ""SWR-01->SYS-NONEXIST""]]"
dangling_link,57,20261559,SWR-04,True,False,0.9705882352941176,1,"[[""dangling"", ""SWR-04->SYS-NONEXIST""]]"
dangling_link,58,20261560,SWR-01,True,False,0.9705882352941176,1,"[[""dangling"", ""SWR-01->SYS-NONEXIST""]]"
dangling_link,59,20261561,SWR-03,True,False,0.9705882352941176,1,"[[""dangling"", ""SWR-03->SYS-NONEXIST""]]"
dangling_link,60,20261562,SWR-04,True,False,0.9705882352941176,1,"[[""dangling"", ""SWR-04->SYS-NONEXIST""]]"
dangling_link,61,20261563,SWR-03,True,False,0.9705882352941176,1,"[[""dangling"", ""SWR-03->SYS-NONEXIST""]]"
dangling_link,62,20261564,SWR-01,True,False,0.9705882352941176,1,"[[""dangling"", ""SWR-01->SYS-NONEXIST""]]"
dangling_link,63,20261565,SWR-03,True,False,0.9705882352941176,1,"[[""dangling"", ""SWR-03->SYS-NONEXIST""]]"
dangling_link,64,20261566,SWR-01,True,False,0.9705882352941176,1,"[[""dangling"", ""SWR-01->SYS-NONEXIST""]]"
dangling_link,65,20261567,SWR-00,True,False,0.9705882352941176,1,"[[""dangling"", ""SWR-00->SYS-NONEXIST""]]"
dangling_link,66,20261568,SWR-00,True,False,0.9705882352941176,1,"[[""dangling"", ""SWR-00->SYS-NONEXIST""]]"
dangling_link,67,20261569,SWR-00,True,False,0.9705882352941176,1,"[[""dangling"", ""SWR-00->SYS-NONEXIST""]]"
dangling_link,68,20261570,SWR-01,True,False,0.9705882352941176,1,"[[""dangling"", ""SWR-01->SYS-NONEXIST""]]"
dangling_link,69,20261571,SWR-00,True,False,0.9705882352941176,1,"[[""dangling"", ""SWR-00->SYS-NONEXIST""]]"
dangling_link,70,20261572,SWR-05,True,False,0.9705882352941176,1,"[[""dangling"", ""SWR-05->SYS-NONEXIST""]]"
dangling_link,71,20261573,SWR-01,True,False,0.9705882352941176,1,"[[""dangling"", ""SWR-01->SYS-NONEXIST""]]"
dangling_link,72,20261574,SWR-02,True,False,0.9705882352941176,1,"[[""dangling"", ""SWR-02->SYS-NONEXIST""]]"
dangling_link,73,20261575,SWR-02,True,False,0.9705882352941176,1,"[[""dangling"", ""SWR-02->SYS-NONEXIST""]]"
dangling_link,74,20261576,SWR-04,True,False,0.9705882352941176,1,"[[""dangling"", ""SWR-04->SYS-NONEXIST""]]"
dangling_link,75,20261577,SWR-03,True,False,0.9705882352941176,1,"[[""dangling"", ""SWR-03->SYS-NONEXIST""]]"
dangling_link,76,20261578,SWR-05,True,False,0.9705882352941176,1,"[[""dangling"", ""SWR-05->SYS-NONEXIST""]]"
dangling_link,77,20261579,SWR-03,True,False,0.9705882352941176,1,"[[""dangling"", ""SWR-03->SYS-NONEXIST""]]"
dangling_link,78,20261580,SWR-04,True,False,0.9705882352941176,1,"[[""dangling"", ""SWR-04->SYS-NONEXIST""]]"
dangling_link,79,20261581,SWR-00,True,False,0.9705882352941176,1,"[[""dangling"", ""SWR-00->SYS-NONEXIST""]]"
dangling_link,80,20261582,SWR-02,True,False,0.9705882352941176,1,"[[""dangling"", ""SWR-02->SYS-NONEXIST""]]"
dangling_link,81,20261583,SWR-04,True,False,0.9705882352941176,1,"[[""dangling"", ""SWR-04->SYS-NONEXIST""]]"
dangling_link,82,20261584,SWR-02,True,False,0.9705882352941176,1,"[[""dangling"", ""SWR-02->SYS-NONEXIST""]]"
dangling_link,83,20261585,SWR-04,True,False,0.9705882352941176,1,"[[""dangling"", ""SWR-04->SYS-NONEXIST""]]"
dangling_link,84,20261586,SWR-00,True,False,0.9705882352941176,1,"[[""dangling"", ""SWR-00->SYS-NONEXIST""]]"
dangling_link,85,20261587,SWR-04,True,False,0.9705882352941176,1,"[[""dangling"", ""SWR-04->SYS-NONEXIST""]]"
dangling_link,86,20261588,SWR-01,True,False,0.9705882352941176,1,"[[""dangling"", ""SWR-01->SYS-NONEXIST""]]"
dangling_link,87,20261589,SWR-04,True,False,0.9705882352941176,1,"[[""dangling"", ""SWR-04->SYS-NONEXIST""]]"
dangling_link,88,20261590,SWR-02,True,False,0.9705882352941176,1,"[[""dangling"", ""SWR-02->SYS-NONEXIST""]]"
dangling_link,89,20261591,SWR-01,True,False,0.9705882352941176,1,"[[""dangling"", ""SWR-01->SYS-NONEXIST""]]"
dangling_link,90,20261592,SWR-04,True,False,0.9705882352941176,1,"[[""dangling"", ""SWR-04->SYS-NONEXIST""]]"
dangling_link,91,20261593,SWR-02,True,False,0.9705882352941176,1,"[[""dangling"", ""SWR-02->SYS-NONEXIST""]]"
dangling_link,92,20261594,SWR-03,True,False,0.9705882352941176,1,"[[""dangling"", ""SWR-03->SYS-NONEXIST""]]"
dangling_link,93,20261595,SWR-00,True,False,0.9705882352941176,1,"[[""dangling"", ""SWR-00->SYS-NONEXIST""]]"
dangling_link,94,20261596,SWR-00,True,False,0.9705882352941176,1,"[[""dangling"", ""SWR-00->SYS-NONEXIST""]]"
dangling_link,95,20261597,SWR-05,True,False,0.9705882352941176,1,"[[""dangling"", ""SWR-05->SYS-NONEXIST""]]"
dangling_link,96,20261598,SWR-03,True,False,0.9705882352941176,1,"[[""dangling"", ""SWR-03->SYS-NONEXIST""]]"
dangling_link,97,20261599,SWR-01,True,False,0.9705882352941176,1,"[[""dangling"", ""SWR-01->SYS-NONEXIST""]]"
dangling_link,98,20261600,SWR-01,True,False,0.9705882352941176,1,"[[""dangling"", ""SWR-01->SYS-NONEXIST""]]"
dangling_link,99,20261601,SWR-03,True,False,0.9705882352941176,1,"[[""dangling"", ""SWR-03->SYS-NONEXIST""]]"
dangling_link,100,20261602,SWR-03,True,False,0.9705882352941176,1,"[[""dangling"", ""SWR-03->SYS-NONEXIST""]]"
