config,seed,defect_id,kind,target_gate,artifact,detected,detected_by,detected_gate,leaked
B0,0,S3,structural,H1,SWR-001#v1,True,ledger,H1,False
B0,3,M6,semantic,H1,SWR-008#v1,True,human-review,H1,False
B0,5,S4,structural,H3,UNIT-radar-match#v1,True,ledger,H3,False
B0,5,S5,structural,H3,UNIT-plaus-score,True,ledger,H3,False
B0,6,M4,semantic,H1,SWR-006#v1,True,ledger,H1,False
B0,7,S4,structural,H3,UNIT-radar-match#v1,True,ledger,H3,False
B0,7,M1,semantic,H3,UNIT-brake-decision#v1,True,human-review,H3,False
B0,8,S6,structural,H6,QT-SWR-005,True,ledger,H6,False
B0,9,S2,structural,H3,UNIT-compute-ttc#v1,True,ledger,H3,False
B0,10,M2,semantic,H3,UNIT-kalman-update#v1,True,human-review,H3,False
B0,10,S5,structural,H3,UNIT-plaus-score,True,ledger,H3,False
B1,0,M4,semantic,H1,SWR-002#v1,True,human-review,H1,False
B1,0,M5,semantic,H1,SWR-003#v1,True,human-review,H2,True
B1,0,M3,semantic,H1,SWR-005,True,human-review,H1,False
B1,0,W2,link-integrity,H1,SWR-006#v1,True,human-review,H1,False
B1,0,S3,structural,H1,SWR-008#v1,True,human-review,H1,False
B1,0,M6,semantic,H1,SWR-008#v1,True,human-review,H2,True
B1,0,R1,link-integrity,H1,SWR-008#v1,True,human-review,H1,False
B1,0,S1,structural,H3,UNIT-kalman-update#v1,True,human-review,H3,False
B1,0,M2,semantic,H3,UNIT-kalman-update#v1,True,human-escalation,H3,False
B1,0,S2,structural,H3,UNIT-compute-ttc#v1,False,,,True
B1,0,S4,structural,H3,UNIT-radar-match#v1,True,human-review,H3,False
B1,0,S5,structural,H3,UNIT-plaus-score,True,human-review,H3,False
B1,0,M1,semantic,H3,UNIT-brake-decision#v1,True,human-escalation,H3,False
B1,0,W1,link-integrity,H4,UT-UNIT-radar-match#v1,True,human-review,H4,False
B1,0,S6,structural,H6,QT-SWR-005,True,human-review,H6,False
B1,1,R1,link-integrity,H1,SWR-001#v1,True,human-review,H1,False
B1,1,S3,structural,H1,SWR-002#v1,True,human-escalation,H1,False
B1,1,M5,semantic,H1,SWR-003#v1,True,human-escalation,H1,False
B1,1,M3,semantic,H1,SWR-005,True,human-review,H1,False
B1,1,M4,semantic,H1,SWR-006#v1,True,human-review,H1,False
B1,1,M6,semantic,H1,SWR-006#v1,True,test,H6,True
B1,1,S1,structural,H3,UNIT-kalman-update#v1,True,human-escalation,H3,False
B1,1,M2,semantic,H3,UNIT-kalman-update#v1,True,human-escalation,H3,False
B1,1,S2,structural,H3,UNIT-compute-ttc#v1,True,test,H5,True
B1,1,S4,structural,H3,UNIT-radar-match#v1,True,human-review,H3,False
B1,1,S5,structural,H3,UNIT-plaus-score,True,human-review,H3,False
B1,1,M1,semantic,H3,UNIT-brake-decision#v1,True,human-review,H3,False
B1,1,W1,link-integrity,H4,UT-UNIT-kalman-update#v1,False,,,True
B1,1,S6,structural,H6,QT-SWR-005,False,,,True
B1,2,M4,semantic,H1,SWR-001#v1,True,human-escalation,H1,False
B1,2,M5,semantic,H1,SWR-003#v1,True,human-escalation,H2,True
B1,2,M3,semantic,H1,SWR-005,False,,,True
B1,2,S3,structural,H1,SWR-008#v1,True,human-review,H2,True
B1,2,M6,semantic,H1,SWR-008#v1,True,test,H6,True
B1,2,W2,link-integrity,H1,SWR-008#v1,True,test,H6,True
B1,2,R1,link-integrity,H1,SWR-008#v1,True,human-review,H2,True
B1,2,M1,semantic,H3,UNIT-brake-decision#v1,True,human-escalation,H3,False
B1,2,W1,link-integrity,H4,UT-UNIT-filter-conf#v1,True,human-escalation,H4,False
B1,3,M4,semantic,H1,SWR-002#v1,True,test,H6,True
B1,3,S3,structural,H1,SWR-003#v1,True,human-escalation,H1,False
B1,3,M5,semantic,H1,SWR-003#v1,True,human-escalation,H1,False
B1,3,M6,semantic,H1,SWR-004#v1,True,human-escalation,H1,False
B1,3,M3,semantic,H1,SWR-005,False,,,True
B1,3,W2,link-integrity,H1,SWR-006#v1,True,human-escalation,H2,True
B1,3,R1,link-integrity,H1,SWR-006#v1,True,human-review,H1,False
B1,3,M2,semantic,H3,UNIT-kalman-update#v1,True,human-escalation,H3,False
B1,3,S2,structural,H3,UNIT-compute-ttc#v1,False,,,True
B1,3,S4,structural,H3,UNIT-radar-match#v1,True,test,H4,True
B1,3,S5,structural,H3,UNIT-plaus-score,True,human-review,H3,False
B1,3,M1,semantic,H3,UNIT-brake-decision#v1,True,human-review,H3,False
B1,3,W1,link-integrity,H4,UT-UNIT-brake-decision#v1,False,,,True
B1,4,M5,semantic,H1,SWR-003#v1,True,human-review,H1,False
B1,4,S3,structural,H1,SWR-004#v1,True,human-escalation,H2,True
B1,4,M3,semantic,H1,SWR-005,False,,,True
B1,4,W2,link-integrity,H1,SWR-006#v1,True,human-escalation,H2,True
B1,4,R1,link-integrity,H1,SWR-006#v1,True,human-escalation,H2,True
B1,4,M4,semantic,H1,SWR-007#v1,True,human-review,H1,False
B1,4,M6,semantic,H1,SWR-008#v1,True,human-escalation,H2,True
B1,4,M2,semantic,H3,UNIT-kalman-update#v1,True,human-review,H3,False
B1,4,S2,structural,H3,UNIT-compute-ttc#v1,True,human-escalation,H3,False
B1,4,S4,structural,H3,UNIT-radar-match#v1,True,human-escalation,H3,False
B1,4,S5,structural,H3,UNIT-plaus-score,True,human-review,H3,False
B1,4,M1,semantic,H3,UNIT-brake-decision#v1,True,human-review,H3,False
B1,4,W1,link-integrity,H4,UT-UNIT-compute-ttc#v1,True,human-review,H4,False
B1,5,M5,semantic,H1,SWR-003#v1,True,human-escalation,H1,False
B1,5,M3,semantic,H1,SWR-005,True,human-review,H1,False
B1,5,M4,semantic,H1,SWR-006#v1,True,human-review,H1,False
B1,5,R1,link-integrity,H1,SWR-006#v1,True,human-escalation,H2,True
B1,5,M6,semantic,H1,SWR-007#v1,True,human-escalation,H1,False
B1,5,W2,link-integrity,H1,SWR-007#v1,True,human-review,H1,False
B1,5,S1,structural,H3,UNIT-kalman-update#v1,True,human-escalation,H3,False
B1,5,S2,structural,H3,UNIT-compute-ttc#v1,True,human-review,H3,False
B1,5,S4,structural,H3,UNIT-radar-match#v1,True,human-escalation,H3,False
B1,5,S5,structural,H3,UNIT-plaus-score,False,,,True
B1,5,M1,semantic,H3,UNIT-brake-decision#v1,True,human-escalation,H3,False
B1,5,W1,link-integrity,H4,UT-UNIT-kalman-predict#v1,True,human-review,H4,False
B1,5,S6,structural,H6,QT-SWR-005,True,human-review,H6,False
B1,6,S3,structural,H1,SWR-003#v1,True,human-escalation,H2,True
B1,6,M5,semantic,H1,SWR-003#v1,True,human-escalation,H2,True
B1,6,R1,link-integrity,H1,SWR-003#v1,True,human-review,H1,False
B1,6,W2,link-integrity,H1,SWR-004#v1,True,human-review,H1,False
B1,6,M3,semantic,H1,SWR-005,True,human-review,H1,False
B1,6,M6,semantic,H1,SWR-006#v1,True,human-escalation,H2,True
B1,6,S1,structural,H3,UNIT-kalman-update#v1,True,human-escalation,H3,False
B1,6,M2,semantic,H3,UNIT-kalman-update#v1,True,human-escalation,H3,False
B1,6,S2,structural,H3,UNIT-compute-ttc#v1,True,human-review,H3,False
B1,6,S4,structural,H3,UNIT-radar-match#v1,True,human-escalation,H3,False
B1,6,S5,structural,H3,UNIT-plaus-score,False,,,True
B1,6,M1,semantic,H3,UNIT-brake-decision#v1,True,test,H4,True
B1,7,S3,structural,H1,SWR-001#v1,True,human-escalation,H2,True
B1,7,M6,semantic,H1,SWR-001#v1,True,human-escalation,H2,True
B1,7,M4,semantic,H1,SWR-006#v1,True,human-review,H1,False
B1,7,R1,link-integrity,H1,SWR-007#v1,True,human-escalation,H1,False
B1,7,M2,semantic,H3,UNIT-kalman-update#v1,True,human-review,H3,False
B1,7,S2,structural,H3,UNIT-compute-ttc#v1,True,human-escalation,H3,False
B1,7,S4,structural,H3,UNIT-radar-match#v1,True,human-escalation,H3,False
B1,7,S5,structural,H3,UNIT-plaus-score,False,,,True
B1,7,M1,semantic,H3,UNIT-brake-decision#v1,True,human-escalation,H3,False
B1,7,W1,link-integrity,H4,UT-UNIT-publish#v1,True,human-escalation,H4,False
B1,7,S6,structural,H6,QT-SWR-005,False,,,True
B1,8,S3,structural,H1,SWR-002#v1,True,human-escalation,H2,True
B1,8,M6,semantic,H1,SWR-004#v1,True,human-escalation,H1,False
B1,8,M3,semantic,H1,SWR-005,False,,,True
B1,8,M4,semantic,H1,SWR-006#v1,True,human-review,H1,False
B1,8,W2,link-integrity,H1,SWR-008#v1,True,human-review,H1,False
B1,8,R1,link-integrity,H1,SWR-008#v1,True,human-escalation,H1,False
B1,8,S1,structural,H3,UNIT-kalman-update#v1,False,,,True
B1,8,S2,structural,H3,UNIT-compute-ttc#v1,True,test,H5,True
B1,8,S4,structural,H3,UNIT-radar-match#v1,True,test,H4,True
B1,8,S5,structural,H3,UNIT-plaus-score,False,,,True
B1,8,M1,semantic,H3,UNIT-brake-decision#v1,True,test,H5,True
B1,9,S3,structural,H1,SWR-001#v1,True,human-review,H1,False
B1,9,M4,semantic,H1,SWR-006#v1,True,human-review,H1,False
B1,9,W2,link-integrity,H1,SWR-008#v1,True,human-review,H1,False
B1,9,S1,structural,H3,UNIT-kalman-update#v1,True,human-review,H3,False
B1,9,S2,structural,H3,UNIT-compute-ttc#v1,True,human-escalation,H3,False
B1,9,S4,structural,H3,UNIT-radar-match#v1,True,human-review,H3,False
B1,9,S5,structural,H3,UNIT-plaus-score,False,,,True
B1,9,M1,semantic,H3,UNIT-brake-decision#v1,True,test,H4,True
B1,9,W1,link-integrity,H4,UT-UNIT-filter-conf#v1,True,human-escalation,H4,False
B1,9,S6,structural,H6,QT-SWR-005,False,,,True
B1,10,S3,structural,H1,SWR-001#v1,True,human-escalation,H1,False
B1,10,M6,semantic,H1,SWR-001#v1,True,human-review,H1,False
B1,10,W2,link-integrity,H1,SWR-004#v1,True,human-review,H1,False
B1,10,M3,semantic,H1,SWR-005,False,,,True
B1,10,S1,structural,H3,UNIT-kalman-update#v1,True,human-review,H3,False
B1,10,M2,semantic,H3,UNIT-kalman-update#v1,True,test,H4,True
B1,10,S2,structural,H3,UNIT-compute-ttc#v1,True,human-review,H3,False
B1,10,S4,structural,H3,UNIT-radar-match#v1,True,human-review,H3,False
B1,10,S5,structural,H3,UNIT-plaus-score,False,,,True
B1,10,M1,semantic,H3,UNIT-brake-decision#v1,False,,,True
B1,11,M6,semantic,H1,SWR-001#v1,True,human-review,H1,False
B1,11,S3,structural,H1,SWR-002#v1,True,human-escalation,H1,False
B1,11,M5,semantic,H1,SWR-003#v1,True,human-escalation,H2,True
B1,11,R1,link-integrity,H1,SWR-003#v1,True,human-review,H1,False
B1,11,M4,semantic,H1,SWR-004#v1,True,human-escalation,H1,False
B1,11,M3,semantic,H1,SWR-005,True,human-review,H1,False
B1,11,W2,link-integrity,H1,SWR-008#v1,True,human-escalation,H1,False
B1,11,S1,structural,H3,UNIT-kalman-update#v1,True,test,H5,True
B1,11,M2,semantic,H3,UNIT-kalman-update#v1,True,test,H5,True
B1,11,S5,structural,H3,UNIT-plaus-score,True,human-review,H3,False
B1,11,M1,semantic,H3,UNIT-brake-decision#v1,True,test,H4,True
B2,0,W2,link-integrity,H1,SWR-002#v1,False,,,True
B2,0,M5,semantic,H1,SWR-003#v1,True,human-review,H2,True
B2,0,S3,structural,H1,SWR-004#v1,True,human-review,H1,False
B2,0,R1,link-integrity,H1,SWR-004#v1,True,human-review,H1,False
B2,0,M6,semantic,H1,SWR-008#v1,True,human-review,H1,False
B2,0,S1,structural,H3,UNIT-kalman-update#v1,True,human-review,H3,False
B2,0,M2,semantic,H3,UNIT-kalman-update#v1,False,,,True
B2,0,S2,structural,H3,UNIT-compute-ttc#v1,True,human-review,H3,False
B2,0,S5,structural,H3,UNIT-plaus-score,False,,,True
B2,0,M1,semantic,H3,UNIT-brake-decision#v1,False,,,True
B2,0,W1,link-integrity,H4,UT-UNIT-kalman-predict#v1,False,,,True
B2,0,S6,structural,H6,QT-SWR-005,False,,,True
B2,1,S3,structural,H1,SWR-002#v1,True,human-review,H2,True
B2,1,M3,semantic,H1,SWR-005,False,,,True
B2,1,M6,semantic,H1,SWR-006#v1,False,,,True
B2,1,R1,link-integrity,H1,SWR-006#v1,True,human-review,H2,True
B2,1,W2,link-integrity,H1,SWR-007#v1,True,human-review,H5,True
B2,1,M4,semantic,H1,SWR-008#v1,True,human-review,H2,True
B2,1,S1,structural,H3,UNIT-kalman-update#v1,False,,,True
B2,1,M2,semantic,H3,UNIT-kalman-update#v1,False,,,True
B2,1,S2,structural,H3,UNIT-compute-ttc#v1,False,,,True
B2,1,S5,structural,H3,UNIT-plaus-score,False,,,True
B2,1,M1,semantic,H3,UNIT-brake-decision#v1,False,,,True
B2,1,W1,link-integrity,H4,UT-UNIT-kalman-predict#v1,True,human-review,H4,False
B2,2,W2,link-integrity,H1,SWR-002#v1,True,human-review,H1,False
B2,2,M5,semantic,H1,SWR-003#v1,True,human-review,H1,False
B2,2,R1,link-integrity,H1,SWR-006#v1,False,,,True
B2,2,M4,semantic,H1,SWR-007#v1,True,human-review,H1,False
B2,2,M6,semantic,H1,SWR-007#v1,True,human-review,H2,True
B2,2,S1,structural,H3,UNIT-kalman-update#v1,True,human-review,H3,False
B2,2,M2,semantic,H3,UNIT-kalman-update#v1,False,,,True
B2,2,S4,structural,H3,UNIT-radar-match#v1,False,,,True
B2,2,S5,structural,H3,UNIT-plaus-score,False,,,True
B2,2,M1,semantic,H3,UNIT-brake-decision#v1,False,,,True
B2,2,W1,link-integrity,H4,UT-UNIT-kalman-update#v1,False,,,True
B2,3,M5,semantic,H1,SWR-003#v1,True,human-review,H2,True
B2,3,M6,semantic,H1,SWR-004#v1,True,human-review,H2,True
B2,3,M3,semantic,H1,SWR-005,True,human-review,H1,False
B2,3,M2,semantic,H3,UNIT-kalman-update#v1,False,,,True
B2,3,S4,structural,H3,UNIT-radar-match#v1,True,human-review,H3,False
B2,3,S5,structural,H3,UNIT-plaus-score,True,human-review,H3,False
B2,3,W1,link-integrity,H4,UT-UNIT-brake-decision#v1,False,,,True
B2,4,M5,semantic,H1,SWR-003#v1,False,,,True
B2,4,M6,semantic,H1,SWR-003#v1,True,human-review,H2,True
B2,4,W2,link-integrity,H1,SWR-003#v1,True,human-review,H1,False
B2,4,M4,semantic,H1,SWR-004#v1,True,human-review,H2,True
B2,4,M3,semantic,H1,SWR-005,True,human-review,H1,False
B2,4,R1,link-integrity,H1,SWR-008#v1,False,,,True
B2,4,S1,structural,H3,UNIT-kalman-update#v1,False,,,True
B2,4,M2,semantic,H3,UNIT-kalman-update#v1,False,,,True
B2,4,S2,structural,H3,UNIT-compute-ttc#v1,True,human-review,H3,False
B2,4,S5,structural,H3,UNIT-plaus-score,True,human-review,H3,False
B2,4,W1,link-integrity,H4,UT-UNIT-kalman-predict#v1,False,,,True
B2,5,S3,structural,H1,SWR-001#v1,False,,,True
B2,5,W2,link-integrity,H1,SWR-002#v1,True,human-review,H2,True
B2,5,M5,semantic,H1,SWR-003#v1,True,human-review,H1,False
B2,5,M6,semantic,H1,SWR-003#v1,True,human-review,H2,True
B2,5,R1,link-integrity,H1,SWR-004#v1,False,,,True
B2,5,M3,semantic,H1,SWR-005,False,,,True
B2,5,M4,semantic,H1,SWR-008#v1,True,human-review,H1,False
B2,5,S1,structural,H3,UNIT-kalman-update#v1,False,,,True
B2,5,S2,structural,H3,UNIT-compute-ttc#v1,True,human-review,H3,False
B2,5,S4,structural,H3,UNIT-radar-match#v1,True,human-review,H3,False
B2,5,M1,semantic,H3,UNIT-brake-decision#v1,False,,,True
B2,5,W1,link-integrity,H4,UT-UNIT-compute-ttc#v1,True,human-review,H4,False
B2,6,R1,link-integrity,H1,SWR-001#v1,False,,,True
B2,6,W2,link-integrity,H1,SWR-002#v1,True,human-review,H2,True
B2,6,M5,semantic,H1,SWR-003#v1,True,human-review,H1,False
B2,6,M3,semantic,H1,SWR-005,False,,,True
B2,6,S3,structural,H1,SWR-006#v1,True,human-review,H1,False
B2,6,M4,semantic,H1,SWR-006#v1,False,,,True
B2,6,M6,semantic,H1,SWR-007#v1,False,,,True
B2,6,S1,structural,H3,UNIT-kalman-update#v1,False,,,True
B2,6,S2,structural,H3,UNIT-compute-ttc#v1,False,,,True
B2,6,S5,structural,H3,UNIT-plaus-score,False,,,True
B2,6,M1,semantic,H3,UNIT-brake-decision#v1,True,human-review,H3,False
B2,7,S3,structural,H1,SWR-003#v1,True,human-review,H1,False
B2,7,M5,semantic,H1,SWR-003#v1,True,human-review,H2,True
B2,7,W2,link-integrity,H1,SWR-004#v1,True,human-review,H1,False
B2,7,M3,semantic,H1,SWR-005,False,,,True
B2,7,M4,semantic,H1,SWR-007#v1,False,,,True
B2,7,M6,semantic,H1,SWR-007#v1,True,human-review,H1,False
B2,7,R1,link-integrity,H1,SWR-007#v1,False,,,True
B2,7,S1,structural,H3,UNIT-kalman-update#v1,False,,,True
B2,7,M2,semantic,H3,UNIT-kalman-update#v1,True,human-review,H3,False
B2,7,S4,structural,H3,UNIT-radar-match#v1,False,,,True
B2,7,W1,link-integrity,H4,UT-UNIT-filter-conf#v1,True,human-review,H4,False
B2,8,M5,semantic,H1,SWR-003#v1,True,human-review,H2,True
B2,8,R1,link-integrity,H1,SWR-003#v1,True,human-review,H2,True
B2,8,M3,semantic,H1,SWR-005,True,human-review,H1,False
B2,8,M4,semantic,H1,SWR-006#v1,False,,,True
B2,8,M6,semantic,H1,SWR-008#v1,True,human-review,H1,False
B2,8,S1,structural,H3,UNIT-kalman-update#v1,True,human-review,H3,False
B2,8,M2,semantic,H3,UNIT-kalman-update#v1,False,,,True
B2,8,S2,structural,H3,UNIT-compute-ttc#v1,False,,,True
B2,8,S4,structural,H3,UNIT-radar-match#v1,True,human-review,H3,False
B2,8,S5,structural,H3,UNIT-plaus-score,False,,,True
B2,8,M1,semantic,H3,UNIT-brake-decision#v1,False,,,True
B2,8,W1,link-integrity,H4,UT-UNIT-filter-conf#v1,True,human-review,H4,False
B2,8,S6,structural,H6,QT-SWR-005,False,,,True
B2,9,M5,semantic,H1,SWR-003#v1,True,human-review,H1,False
B2,9,W2,link-integrity,H1,SWR-004#v1,True,human-review,H1,False
B2,9,M3,semantic,H1,SWR-005,False,,,True
B2,9,M4,semantic,H1,SWR-006#v1,True,human-review,H2,True
B2,9,M2,semantic,H3,UNIT-kalman-update#v1,True,human-review,H3,False
B2,9,S2,structural,H3,UNIT-compute-ttc#v1,True,human-review,H3,False
B2,9,S4,structural,H3,UNIT-radar-match#v1,False,,,True
B2,9,S5,structural,H3,UNIT-plaus-score,False,,,True
B2,9,M1,semantic,H3,UNIT-brake-decision#v1,True,human-review,H3,False
B2,9,W1,link-integrity,H4,UT-UNIT-kalman-predict#v1,True,human-review,H4,False
B2,10,M6,semantic,H1,SWR-001#v1,True,human-review,H1,False
B2,10,W2,link-integrity,H1,SWR-001#v1,True,human-review,H2,True
B2,10,M5,semantic,H1,SWR-003#v1,True,human-review,H2,True
B2,10,M3,semantic,H1,SWR-005,False,,,True
B2,10,M4,semantic,H1,SWR-008#v1,True,human-review,H2,True
B2,10,S1,structural,H3,UNIT-kalman-update#v1,False,,,True
B2,10,M2,semantic,H3,UNIT-kalman-update#v1,False,,,True
B2,10,S2,structural,H3,UNIT-compute-ttc#v1,True,human-review,H3,False
B2,10,M1,semantic,H3,UNIT-brake-decision#v1,False,,,True
B2,10,W1,link-integrity,H4,UT-UNIT-kalman-update#v1,False,,,True
B2,11,S3,structural,H1,SWR-002#v1,True,human-review,H2,True
B2,11,M5,semantic,H1,SWR-003#v1,True,human-review,H2,True
B2,11,W2,link-integrity,H1,SWR-003#v1,True,human-review,H1,False
B2,11,M3,semantic,H1,SWR-005,False,,,True
B2,11,R1,link-integrity,H1,SWR-008#v1,True,human-review,H1,False
B2,11,S1,structural,H3,UNIT-kalman-update#v1,False,,,True
B2,11,S2,structural,H3,UNIT-compute-ttc#v1,False,,,True
B2,11,S4,structural,H3,UNIT-radar-match#v1,True,human-review,H3,False
B2,11,S5,structural,H3,UNIT-plaus-score,False,,,True
B2,11,M1,semantic,H3,UNIT-brake-decision#v1,False,,,True
B2,11,W1,link-integrity,H4,UT-UNIT-brake-decision#v1,False,,,True
B3,1,R1,link-integrity,H1,SWR-001#v1,True,human-review,H1,False
B3,1,M6,semantic,H1,SWR-003#v1,True,human-review,H1,False
B3,1,W2,link-integrity,H1,SWR-003#v1,True,human-review,H1,False
B3,1,S2,structural,H3,UNIT-compute-ttc#v1,True,alm,H3,False
B3,1,M1,semantic,H3,UNIT-brake-decision#v1,False,,,True
B3,2,S2,structural,H3,UNIT-compute-ttc#v1,True,alm,H3,False
B3,2,S5,structural,H3,UNIT-plaus-score,False,,,True
B3,4,S3,structural,H1,SWR-003#v1,True,alm,H1,False
B3,4,S1,structural,H3,UNIT-kalman-update#v1,True,alm,H3,False
B3,4,M1,semantic,H3,UNIT-brake-decision#v1,True,human-review,H3,False
B3,5,S2,structural,H3,UNIT-compute-ttc#v1,True,alm,H3,False
B3,6,M2,semantic,H3,UNIT-kalman-update#v1,True,human-review,H3,False
B3,6,W1,link-integrity,H4,UT-UNIT-kalman-predict#v1,True,human-review,H4,False
B3,7,S2,structural,H3,UNIT-compute-ttc#v1,True,alm,H3,False
B3,8,M6,semantic,H1,SWR-002#v1,True,human-review,H1,False
B3,8,M3,semantic,H1,SWR-005,True,human-review,H1,False
B3,8,S4,structural,H3,UNIT-radar-match#v1,True,human-review,H3,False
B3,9,S4,structural,H3,UNIT-radar-match#v1,False,,,True
B3,9,M1,semantic,H3,UNIT-brake-decision#v1,True,human-review,H3,False
B3,10,S3,structural,H1,SWR-007#v1,True,alm,H1,False
B3,11,M5,semantic,H1,SWR-003#v1,True,human-review,H1,False
B3,11,R1,link-integrity,H1,SWR-003#v1,True,human-review,H1,False
B3,11,S1,structural,H3,UNIT-kalman-update#v1,True,alm,H3,False
B3,11,M2,semantic,H3,UNIT-kalman-update#v1,True,human-review,H3,False
B3,11,W1,link-integrity,H4,UT-UNIT-kalman-predict#v1,True,human-review,H4,False
B3,11,S6,structural,H6,QT-SWR-005,True,human-review,H6,False
B4,0,R1,link-integrity,H1,SWR-001#v1,True,human-review,H1,False
B4,0,S3,structural,H1,SWR-002#v1,True,human-review,H1,False
B4,0,M2,semantic,H3,UNIT-kalman-update#v1,True,human-review,H3,False
B4,0,S2,structural,H3,UNIT-compute-ttc#v1,True,policy,H3,False
B4,0,S4,structural,H3,UNIT-radar-match#v1,True,human-review,H3,False
B4,0,W1,link-integrity,H4,UT-UNIT-compute-ttc#v1,True,human-review,H4,False
B4,1,M4,semantic,H1,SWR-003#v1,True,policy,H1,False
B4,1,W2,link-integrity,H1,SWR-006#v1,True,human-review,H1,False
B4,1,S1,structural,H3,UNIT-kalman-update#v1,True,human-review,H3,False
B4,1,M1,semantic,H3,UNIT-brake-decision#v1,True,human-review,H3,False
B4,1,W1,link-integrity,H4,UT-UNIT-kalman-predict#v1,True,human-review,H4,False
B4,2,M4,semantic,H1,SWR-003#v1,True,policy,H1,False
B4,2,M5,semantic,H1,SWR-003#v1,True,human-review,H1,False
B4,2,S3,structural,H1,SWR-004#v1,True,human-review,H1,False
B4,2,M6,semantic,H1,SWR-007#v1,True,human-review,H1,False
B4,2,S2,structural,H3,UNIT-compute-ttc#v1,True,policy,H3,False
B4,2,S5,structural,H3,UNIT-plaus-score,True,human-review,H3,False
B4,2,M1,semantic,H3,UNIT-brake-decision#v1,True,human-review,H3,False
B4,3,M5,semantic,H1,SWR-003#v1,True,human-review,H1,False
B4,3,M6,semantic,H1,SWR-004#v1,True,human-review,H2,True
B4,3,W2,link-integrity,H1,SWR-004#v1,True,human-review,H1,False
B4,3,R1,link-integrity,H1,SWR-005#v1,True,human-review,H1,False
B4,3,S1,structural,H3,UNIT-kalman-update#v1,True,human-review,H3,False
B4,3,S2,structural,H3,UNIT-compute-ttc#v1,True,policy,H3,False
B4,3,S5,structural,H3,UNIT-plaus-score,True,human-review,H3,False
B4,4,S3,structural,H1,SWR-004#v1,True,human-review,H1,False
B4,4,M3,semantic,H1,SWR-005,True,human-review,H1,False
B4,4,M2,semantic,H3,UNIT-kalman-update#v1,False,,,True
B4,4,S5,structural,H3,UNIT-plaus-score,True,human-review,H3,False
B4,4,M1,semantic,H3,UNIT-brake-decision#v1,True,human-review,H3,False
B4,5,M6,semantic,H1,SWR-001#v1,True,human-review,H1,False
B4,5,M5,semantic,H1,SWR-003#v1,True,human-review,H1,False
B4,5,S4,structural,H3,UNIT-radar-match#v1,False,,,True
B4,5,M1,semantic,H3,UNIT-brake-decision#v1,True,human-review,H3,False
B4,5,W1,link-integrity,H4,UT-UNIT-brake-decision#v1,False,,,True
B4,5,S6,structural,H6,QT-SWR-005,True,human-review,H6,False
B4,6,W2,link-integrity,H1,SWR-001#v1,False,,,True
B4,6,R1,link-integrity,H1,SWR-001#v1,True,human-review,H1,False
B4,6,S3,structural,H1,SWR-002#v1,True,human-review,H1,False
B4,6,M5,semantic,H1,SWR-003#v1,True,human-review,H1,False
B4,6,M3,semantic,H1,SWR-005,True,human-review,H1,False
B4,6,M2,semantic,H3,UNIT-kalman-update#v1,True,human-review,H3,False
B4,6,S2,structural,H3,UNIT-compute-ttc#v1,True,policy,H3,False
B4,6,S4,structural,H3,UNIT-radar-match#v1,True,human-review,H3,False
B4,6,S5,structural,H3,UNIT-plaus-score,True,human-review,H3,False
B4,6,W1,link-integrity,H4,UT-UNIT-compute-ttc#v1,True,human-review,H4,False
B4,7,M5,semantic,H1,SWR-003#v1,True,human-review,H1,False
B4,7,S3,structural,H1,SWR-005#v1,True,human-review,H1,False
B4,7,W2,link-integrity,H1,SWR-007#v1,True,human-review,H1,False
B4,7,S4,structural,H3,UNIT-radar-match#v1,True,human-review,H3,False
B4,7,S6,structural,H6,QT-SWR-005,True,human-review,H6,False
B4,8,R1,link-integrity,H1,SWR-001#v1,True,human-review,H1,False
B4,8,S1,structural,H3,UNIT-kalman-update#v1,True,human-review,H3,False
B4,8,M2,semantic,H3,UNIT-kalman-update#v1,True,human-review,H3,False
B4,8,S4,structural,H3,UNIT-radar-match#v1,True,human-review,H3,False
B4,8,W1,link-integrity,H4,UT-UNIT-compute-ttc#v1,True,human-review,H4,False
B4,8,S6,structural,H6,QT-SWR-005,True,human-review,H6,False
B4,9,M6,semantic,H1,SWR-001#v1,True,human-review,H2,True
B4,9,M4,semantic,H1,SWR-004#v1,True,policy,H1,False
B4,9,M3,semantic,H1,SWR-005,True,human-review,H1,False
B4,9,M2,semantic,H3,UNIT-kalman-update#v1,True,human-review,H3,False
B4,9,S4,structural,H3,UNIT-radar-match#v1,True,human-review,H3,False
B4,9,M1,semantic,H3,UNIT-brake-decision#v1,True,human-review,H3,False
B4,9,W1,link-integrity,H4,UT-UNIT-compute-ttc#v1,True,human-review,H4,False
B4,10,M6,semantic,H1,SWR-004#v1,True,human-review,H2,True
B4,10,M3,semantic,H1,SWR-005,True,human-review,H1,False
B4,10,S1,structural,H3,UNIT-kalman-update#v1,True,human-review,H3,False
B4,10,W1,link-integrity,H4,UT-UNIT-radar-match#v1,False,,,True
B4,11,W2,link-integrity,H1,SWR-001#v1,True,human-review,H1,False
B4,11,M4,semantic,H1,SWR-003#v1,True,policy,H1,False
B4,11,M5,semantic,H1,SWR-003#v1,True,human-review,H1,False
B4,11,M3,semantic,H1,SWR-005,True,human-review,H1,False
B4,11,M2,semantic,H3,UNIT-kalman-update#v1,True,human-review,H3,False
B4,11,S4,structural,H3,UNIT-radar-match#v1,True,human-review,H3,False
B4,11,S5,structural,H3,UNIT-plaus-score,True,human-review,H3,False
B5,0,M6,semantic,H1,SWR-004#v1,True,human-review,H1,False
B5,0,W2,link-integrity,H1,SWR-007#v1,True,human-review,H1,False
B5,0,R1,link-integrity,H1,SWR-008#v1,True,human-review,H1,False
B5,0,S1,structural,H3,UNIT-kalman-update#v1,True,human-review,H3,False
B5,0,S2,structural,H3,UNIT-compute-ttc#v1,True,human-review,H3,False
B5,1,S3,structural,H1,SWR-002#v1,True,human-review,H1,False
B5,1,M5,semantic,H1,SWR-003#v1,True,human-review,H1,False
B5,1,M4,semantic,H1,SWR-005#v1,True,human-review,H1,False
B5,1,M6,semantic,H1,SWR-007#v1,True,human-review,H1,False
B5,1,R1,link-integrity,H1,SWR-007#v1,True,human-review,H1,False
B5,1,W2,link-integrity,H1,SWR-008#v1,True,human-review,H1,False
B5,1,M2,semantic,H3,UNIT-kalman-update#v1,True,audit,H6,True
B5,2,M5,semantic,H1,SWR-003#v1,True,human-review,H1,False
B5,2,M3,semantic,H1,SWR-005,True,human-review,H1,False
B5,2,M6,semantic,H1,SWR-006#v1,True,human-review,H1,False
B5,2,M4,semantic,H1,SWR-007#v1,True,human-review,H1,False
B5,2,R1,link-integrity,H1,SWR-008#v1,True,human-review,H1,False
B5,2,S1,structural,H3,UNIT-kalman-update#v1,True,human-review,H3,False
B5,2,M2,semantic,H3,UNIT-kalman-update#v1,True,human-review,H3,False
B5,2,S2,structural,H3,UNIT-compute-ttc#v1,True,human-review,H3,False
B5,3,M4,semantic,H1,SWR-002#v1,True,audit,H6,True
B5,3,M5,semantic,H1,SWR-003#v1,True,human-review,H1,False
B5,3,W2,link-integrity,H1,SWR-004#v1,True,human-review,H1,False
B5,3,M3,semantic,H1,SWR-005,True,human-review,H1,False
B5,3,M6,semantic,H1,SWR-007#v1,True,human-review,H1,False
B5,3,S3,structural,H1,SWR-008#v1,True,human-review,H1,False
B5,3,S2,structural,H3,UNIT-compute-ttc#v1,True,human-review,H3,False
B5,3,S5,structural,H3,UNIT-plaus-score,True,human-review,H3,False
B5,3,M1,semantic,H3,UNIT-brake-decision#v1,True,human-review,H3,False
B5,3,W1,link-integrity,H4,UT-UNIT-radar-match#v1,True,human-review,H4,False
B5,4,R1,link-integrity,H1,SWR-002#v1,True,human-review,H1,False
B5,4,M6,semantic,H1,SWR-005#v1,True,human-review,H1,False
B5,4,S2,structural,H3,UNIT-compute-ttc#v1,True,human-review,H3,False
B5,4,S4,structural,H3,UNIT-radar-match#v1,True,human-review,H3,False
B5,4,W1,link-integrity,H4,UT-UNIT-filter-conf#v1,True,human-review,H4,False
B5,5,S3,structural,H1,SWR-006#v1,True,human-review,H1,False
B5,5,R1,link-integrity,H1,SWR-007#v1,True,human-review,H1,False
B5,5,S1,structural,H3,UNIT-kalman-update#v1,True,human-review,H3,False
B5,5,S2,structural,H3,UNIT-compute-ttc#v1,True,human-review,H3,False
B5,5,S4,structural,H3,UNIT-radar-match#v1,True,human-review,H3,False
B5,5,W1,link-integrity,H4,UT-UNIT-radar-match#v1,True,human-review,H4,False
B5,5,S6,structural,H6,QT-SWR-005,True,audit,H6,True
B5,6,S3,structural,H1,SWR-001#v1,True,human-review,H2,True
B5,6,S1,structural,H3,UNIT-kalman-update#v1,True,human-review,H3,False
B5,6,M2,semantic,H3,UNIT-kalman-update#v1,True,human-review,H3,False
B5,6,S2,structural,H3,UNIT-compute-ttc#v1,True,human-review,H3,False
B5,6,W1,link-integrity,H4,UT-UNIT-compute-ttc#v1,True,human-review,H4,False
B5,7,M6,semantic,H1,SWR-001#v1,True,human-review,H1,False
B5,7,M3,semantic,H1,SWR-005,True,audit,H6,True
B5,7,M2,semantic,H3,UNIT-kalman-update#v1,True,human-review,H3,False
B5,7,S2,structural,H3,UNIT-compute-ttc#v1,True,human-review,H3,False
B5,7,S5,structural,H3,UNIT-plaus-score,True,human-review,H3,False
B5,8,M5,semantic,H1,SWR-003#v1,True,human-review,H1,False
B5,8,W2,link-integrity,H1,SWR-004#v1,True,human-review,H1,False
B5,8,M6,semantic,H1,SWR-007#v1,True,human-review,H1,False
B5,8,S1,structural,H3,UNIT-kalman-update#v1,True,human-review,H3,False
B5,8,S2,structural,H3,UNIT-compute-ttc#v1,True,human-review,H3,False
B5,8,S4,structural,H3,UNIT-radar-match#v1,True,human-review,H3,False
B5,8,M1,semantic,H3,UNIT-brake-decision#v1,True,human-review,H3,False
B5,9,S3,structural,H1,SWR-001#v1,True,human-review,H1,False
B5,9,M6,semantic,H1,SWR-001#v1,True,human-review,H1,False
B5,9,M5,semantic,H1,SWR-003#v1,True,human-review,H1,False
B5,9,M4,semantic,H1,SWR-005#v1,True,human-review,H1,False
B5,9,W2,link-integrity,H1,SWR-007#v1,True,human-review,H1,False
B5,9,R1,link-integrity,H1,SWR-008#v1,True,human-review,H1,False
B5,9,S2,structural,H3,UNIT-compute-ttc#v1,True,human-review,H3,False
B5,9,S5,structural,H3,UNIT-plaus-score,True,human-review,H3,False
B5,9,W1,link-integrity,H4,UT-UNIT-kalman-predict#v1,True,human-review,H4,False
B5,9,S6,structural,H6,QT-SWR-005,True,human-review,H6,False
B5,10,W2,link-integrity,H1,SWR-001#v1,True,human-review,H1,False
B5,10,M2,semantic,H3,UNIT-kalman-update#v1,True,human-review,H3,False
B5,10,S4,structural,H3,UNIT-radar-match#v1,True,human-review,H3,False
B5,10,W1,link-integrity,H4,UT-UNIT-brake-decision#v1,True,human-review,H4,False
B5,10,S6,structural,H6,QT-SWR-005,True,human-review,H6,False
B5,11,S3,structural,H1,SWR-006#v1,True,human-review,H1,False
B5,11,R1,link-integrity,H1,SWR-006#v1,True,human-review,H1,False
B5,11,S2,structural,H3,UNIT-compute-ttc#v1,True,human-review,H3,False
B5,11,S5,structural,H3,UNIT-plaus-score,True,human-review,H3,False
B5,11,M1,semantic,H3,UNIT-brake-decision#v1,True,human-review,H3,False
B5,11,W1,link-integrity,H4,UT-UNIT-kalman-update#v1,True,human-review,H4,False
M,0,S3,structural,H1,SWR-001#v1,True,ledger,H1,False
M,0,M6,semantic,H1,SWR-001#v1,True,critic,H1,False
M,0,M4,semantic,H1,SWR-003#v1,True,ledger,H1,False
M,0,M5,semantic,H1,SWR-003#v1,True,critic,H1,False
M,0,W2,link-integrity,H1,SWR-006#v1,True,critic,H1,False
M,0,R1,link-integrity,H1,SWR-008#v1,True,critic,H1,False
M,0,S1,structural,H3,UNIT-kalman-update#v1,True,ledger,H3,False
M,0,M2,semantic,H3,UNIT-kalman-update#v1,True,critic,H3,False
M,0,S2,structural,H3,UNIT-compute-ttc#v1,True,ledger,H3,False
M,0,S4,structural,H3,UNIT-radar-match#v1,True,ledger,H3,False
M,0,S5,structural,H3,UNIT-plaus-score,True,ledger,H3,False
M,0,W1,link-integrity,H4,UT-UNIT-kalman-predict#v1,True,critic,H4,False
M,0,S6,structural,H6,QT-SWR-005,True,ledger,H6,False
M,1,M6,semantic,H1,SWR-001#v1,True,critic,H1,False
M,1,R1,link-integrity,H1,SWR-002#v1,True,critic,H1,False
M,1,M5,semantic,H1,SWR-003#v1,True,critic,H1,False
M,1,M4,semantic,H1,SWR-004#v1,True,ledger,H1,False
M,1,M3,semantic,H1,SWR-005,True,ledger,H1,False
M,1,S1,structural,H3,UNIT-kalman-update#v1,True,ledger,H3,False
M,1,M2,semantic,H3,UNIT-kalman-update#v1,True,critic,H3,False
M,1,S2,structural,H3,UNIT-compute-ttc#v1,True,ledger,H3,False
M,1,S4,structural,H3,UNIT-radar-match#v1,True,ledger,H3,False
M,1,S5,structural,H3,UNIT-plaus-score,True,ledger,H3,False
M,1,W1,link-integrity,H4,UT-UNIT-filter-conf#v1,True,human-review,H4,False
M,2,M6,semantic,H1,SWR-002#v1,True,critic,H1,False
M,2,M5,semantic,H1,SWR-003#v1,True,critic,H1,False
M,2,M4,semantic,H1,SWR-004#v1,True,ledger,H1,False
M,2,M3,semantic,H1,SWR-005,True,ledger,H1,False
M,2,S3,structural,H1,SWR-007#v1,True,ledger,H1,False
M,2,W2,link-integrity,H1,SWR-008#v1,True,critic,H1,False
M,2,S1,structural,H3,UNIT-kalman-update#v1,True,ledger,H3,False
M,2,M2,semantic,H3,UNIT-kalman-update#v1,True,critic,H3,False
M,2,S4,structural,H3,UNIT-radar-match#v1,True,ledger,H3,False
M,2,S5,structural,H3,UNIT-plaus-score,True,ledger,H3,False
M,2,M1,semantic,H3,UNIT-brake-decision#v1,True,critic,H3,False
M,2,S6,structural,H6,QT-SWR-005,True,ledger,H6,False
M,3,M5,semantic,H1,SWR-003#v1,True,critic,H1,False
M,3,M6,semantic,H1,SWR-004#v1,True,critic,H1,False
M,3,W2,link-integrity,H1,SWR-004#v1,True,critic,H1,False
M,3,M3,semantic,H1,SWR-005,True,ledger,H1,False
M,3,S3,structural,H1,SWR-007#v1,True,ledger,H1,False
M,3,R1,link-integrity,H1,SWR-007#v1,True,critic,H1,False
M,3,S1,structural,H3,UNIT-kalman-update#v1,True,ledger,H3,False
M,3,M2,semantic,H3,UNIT-kalman-update#v1,True,critic,H3,False
M,3,S2,structural,H3,UNIT-compute-ttc#v1,True,ledger,H3,False
M,3,M1,semantic,H3,UNIT-brake-decision#v1,True,critic,H3,False
M,3,W1,link-integrity,H4,UT-UNIT-radar-match#v1,True,critic,H4,False
M,3,S6,structural,H6,QT-SWR-005,True,ledger,H6,False
M,4,R1,link-integrity,H1,SWR-002#v1,True,critic,H1,False
M,4,M5,semantic,H1,SWR-003#v1,True,critic,H1,False
M,4,W2,link-integrity,H1,SWR-004#v1,True,critic,H1,False
M,4,S3,structural,H1,SWR-007#v1,True,ledger,H1,False
M,4,S1,structural,H3,UNIT-kalman-update#v1,True,ledger,H3,False
M,4,M2,semantic,H3,UNIT-kalman-update#v1,True,human-review,H3,False
M,4,S2,structural,H3,UNIT-compute-ttc#v1,True,ledger,H3,False
M,4,S4,structural,H3,UNIT-radar-match#v1,True,ledger,H3,False
M,4,S5,structural,H3,UNIT-plaus-score,True,ledger,H3,False
M,4,M1,semantic,H3,UNIT-brake-decision#v1,True,critic,H3,False
M,4,W1,link-integrity,H4,UT-UNIT-filter-conf#v1,True,human-review,H4,False
M,5,M5,semantic,H1,SWR-003#v1,True,critic,H1,False
M,5,M6,semantic,H1,SWR-004#v1,True,human-review,H1,False
M,5,R1,link-integrity,H1,SWR-004#v1,True,human-review,H1,False
M,5,M3,semantic,H1,SWR-005,True,ledger,H1,False
M,5,W2,link-integrity,H1,SWR-007#v1,True,critic,H1,False
M,5,S1,structural,H3,UNIT-kalman-update#v1,True,ledger,H3,False
M,5,M2,semantic,H3,UNIT-kalman-update#v1,True,human-review,H3,False
M,5,S2,structural,H3,UNIT-compute-ttc#v1,True,ledger,H3,False
M,5,S4,structural,H3,UNIT-radar-match#v1,True,ledger,H3,False
M,5,S5,structural,H3,UNIT-plaus-score,True,ledger,H3,False
M,5,M1,semantic,H3,UNIT-brake-decision#v1,True,critic,H3,False
M,5,W1,link-integrity,H4,UT-UNIT-plaus-score#v1,True,critic,H4,False
M,5,S6,structural,H6,QT-SWR-005,True,ledger,H6,False
M,6,M4,semantic,H1,SWR-002#v1,True,ledger,H1,False
M,6,M5,semantic,H1,SWR-003#v1,True,human-review,H1,False
M,6,M6,semantic,H1,SWR-003#v1,True,human-review,H1,False
M,6,W2,link-integrity,H1,SWR-005#v1,True,critic,H1,False
M,6,R1,link-integrity,H1,SWR-008#v1,True,critic,H1,False
M,6,M2,semantic,H3,UNIT-kalman-update#v1,True,critic,H3,False
M,6,S4,structural,H3,UNIT-radar-match#v1,True,ledger,H3,False
M,6,S5,structural,H3,UNIT-plaus-score,True,ledger,H3,False
M,6,M1,semantic,H3,UNIT-brake-decision#v1,True,critic,H3,False
M,6,W1,link-integrity,H4,UT-UNIT-filter-conf#v1,True,human-review,H4,False
M,6,S6,structural,H6,QT-SWR-005,True,ledger,H6,False
M,7,S3,structural,H1,SWR-003#v1,True,ledger,H1,False
M,7,R1,link-integrity,H1,SWR-004#v1,True,critic,H1,False
M,7,M4,semantic,H1,SWR-007#v1,True,ledger,H1,False
M,7,M6,semantic,H1,SWR-007#v1,True,critic,H1,False
M,7,W2,link-integrity,H1,SWR-008#v1,True,human-review,H1,False
M,7,S1,structural,H3,UNIT-kalman-update#v1,True,ledger,H3,False
M,7,M2,semantic,H3,UNIT-kalman-update#v1,True,critic,H3,False
M,7,S2,structural,H3,UNIT-compute-ttc#v1,True,ledger,H3,False
M,7,S4,structural,H3,UNIT-radar-match#v1,True,ledger,H3,False
M,7,S5,structural,H3,UNIT-plaus-score,True,ledger,H3,False
M,7,M1,semantic,H3,UNIT-brake-decision#v1,True,critic,H3,False
M,7,S6,structural,H6,QT-SWR-005,True,ledger,H6,False
M,8,S3,structural,H1,SWR-001#v1,True,ledger,H1,False
M,8,M4,semantic,H1,SWR-001#v1,True,ledger,H1,False
M,8,M5,semantic,H1,SWR-003#v1,True,critic,H1,False
M,8,R1,link-integrity,H1,SWR-003#v1,True,critic,H1,False
M,8,M3,semantic,H1,SWR-005,True,ledger,H1,False
M,8,M6,semantic,H1,SWR-008#v1,True,critic,H1,False
M,8,W2,link-integrity,H1,SWR-008#v1,True,critic,H1,False
M,8,S1,structural,H3,UNIT-kalman-update#v1,True,ledger,H3,False
M,8,M2,semantic,H3,UNIT-kalman-update#v1,True,critic,H3,False
M,8,S2,structural,H3,UNIT-compute-ttc#v1,True,ledger,H3,False
M,8,S4,structural,H3,UNIT-radar-match#v1,True,ledger,H3,False
M,8,S5,structural,H3,UNIT-plaus-score,True,ledger,H3,False
M,8,W1,link-integrity,H4,UT-UNIT-kalman-update#v1,True,critic,H4,False
M,8,S6,structural,H6,QT-SWR-005,True,ledger,H6,False
M,9,M5,semantic,H1,SWR-003#v1,True,human-review,H1,False
M,9,W2,link-integrity,H1,SWR-004#v1,True,critic,H1,False
M,9,M4,semantic,H1,SWR-005#v1,True,ledger,H1,False
M,9,M6,semantic,H1,SWR-006#v1,True,human-review,H2,True
M,9,R1,link-integrity,H1,SWR-006#v1,True,human-review,H1,False
M,9,S3,structural,H1,SWR-008#v1,True,ledger,H1,False
M,9,S1,structural,H3,UNIT-kalman-update#v1,True,ledger,H3,False
M,9,M2,semantic,H3,UNIT-kalman-update#v1,True,critic,H3,False
M,9,S2,structural,H3,UNIT-compute-ttc#v1,True,ledger,H3,False
M,9,S4,structural,H3,UNIT-radar-match#v1,True,ledger,H3,False
M,9,M1,semantic,H3,UNIT-brake-decision#v1,True,critic,H3,False
M,9,W1,link-integrity,H4,UT-UNIT-filter-conf#v1,True,critic,H4,False
M,9,S6,structural,H6,QT-SWR-005,True,ledger,H6,False
M,10,M4,semantic,H1,SWR-001#v1,True,ledger,H1,False
M,10,M5,semantic,H1,SWR-003#v1,True,human-review,H2,True
M,10,W2,link-integrity,H1,SWR-004#v1,True,critic,H1,False
M,10,M3,semantic,H1,SWR-005,True,ledger,H1,False
M,10,S3,structural,H1,SWR-008#v1,True,ledger,H1,False
M,10,R1,link-integrity,H1,SWR-008#v1,True,human-review,H1,False
M,10,S1,structural,H3,UNIT-kalman-update#v1,True,ledger,H3,False
M,10,M2,semantic,H3,UNIT-kalman-update#v1,True,critic,H3,False
M,10,S2,structural,H3,UNIT-compute-ttc#v1,True,ledger,H3,False
M,10,M1,semantic,H3,UNIT-brake-decision#v1,True,critic,H3,False
M,10,W1,link-integrity,H4,UT-UNIT-kalman-update#v1,True,critic,H4,False
M,11,R1,link-integrity,H1,SWR-001#v1,True,critic,H1,False
M,11,M5,semantic,H1,SWR-003#v1,True,human-review,H1,False
M,11,M6,semantic,H1,SWR-004#v1,True,human-review,H1,False
M,11,M3,semantic,H1,SWR-005,True,ledger,H1,False
M,11,S1,structural,H3,UNIT-kalman-update#v1,True,ledger,H3,False
M,11,M2,semantic,H3,UNIT-kalman-update#v1,True,critic,H3,False
M,11,S2,structural,H3,UNIT-compute-ttc#v1,True,ledger,H3,False
M,11,S4,structural,H3,UNIT-radar-match#v1,True,ledger,H3,False
M,11,S5,structural,H3,UNIT-plaus-score,True,ledger,H3,False
M,11,M1,semantic,H3,UNIT-brake-decision#v1,True,critic,H3,False
M,11,W1,link-integrity,H4,UT-UNIT-compute-ttc#v1,True,human-review,H4,False
M,11,S6,structural,H6,QT-SWR-005,True,ledger,H6,False
M-noledger,0,S3,structural,H1,SWR-003#v1,True,human-review,H1,False
M-noledger,0,W2,link-integrity,H1,SWR-003#v1,True,critic,H1,False
M-noledger,0,M4,semantic,H1,SWR-004#v1,True,policy,H1,False
M-noledger,0,M3,semantic,H1,SWR-005,True,human-review,H1,False
M-noledger,0,R1,link-integrity,H1,SWR-008#v1,True,critic,H1,False
M-noledger,0,S1,structural,H3,UNIT-kalman-update#v1,True,human-review,H3,False
M-noledger,0,M2,semantic,H3,UNIT-kalman-update#v1,True,human-review,H3,False
M-noledger,0,S4,structural,H3,UNIT-radar-match#v1,True,human-review,H3,False
M-noledger,0,S5,structural,H3,UNIT-plaus-score,False,,,True
M-noledger,0,M1,semantic,H3,UNIT-brake-decision#v1,True,critic,H3,False
M-noledger,0,W1,link-integrity,H4,UT-UNIT-radar-match#v1,True,critic,H4,False
M-noledger,0,S6,structural,H6,QT-SWR-005,True,human-review,H6,False
M-noledger,1,M5,semantic,H1,SWR-003#v1,True,human-review,H1,False
M-noledger,1,M3,semantic,H1,SWR-005,False,,,True
M-noledger,1,M6,semantic,H1,SWR-006#v1,True,critic,H1,False
M-noledger,1,S1,structural,H3,UNIT-kalman-update#v1,True,coverage,H4,True
M-noledger,1,M2,semantic,H3,UNIT-kalman-update#v1,True,critic,H3,False
M-noledger,1,S2,structural,H3,UNIT-compute-ttc#v1,True,policy,H3,False
M-noledger,1,S5,structural,H3,UNIT-plaus-score,True,human-review,H3,False
M-noledger,1,M1,semantic,H3,UNIT-brake-decision#v1,True,critic,H3,False
M-noledger,1,W1,link-integrity,H4,UT-UNIT-filter-conf#v1,True,critic,H4,False
M-noledger,2,M6,semantic,H1,SWR-002#v1,True,critic,H1,False
M-noledger,2,M4,semantic,H1,SWR-003#v1,True,policy,H1,False
M-noledger,2,M5,semantic,H1,SWR-003#v1,True,critic,H1,False
M-noledger,2,M3,semantic,H1,SWR-005,True,human-review,H1,False
M-noledger,2,S3,structural,H1,SWR-006#v1,True,human-review,H1,False
M-noledger,2,R1,link-integrity,H1,SWR-006#v1,True,critic,H1,False
M-noledger,2,M2,semantic,H3,UNIT-kalman-update#v1,True,human-review,H3,False
M-noledger,2,S2,structural,H3,UNIT-compute-ttc#v1,True,policy,H3,False
M-noledger,2,S4,structural,H3,UNIT-radar-match#v1,True,human-review,H3,False
M-noledger,2,S5,structural,H3,UNIT-plaus-score,True,human-review,H3,False
M-noledger,2,M1,semantic,H3,UNIT-brake-decision#v1,True,critic,H3,False
M-noledger,2,W1,link-integrity,H4,UT-UNIT-compute-ttc#v1,True,critic,H4,False
M-noledger,3,S3,structural,H1,SWR-002#v1,True,human-review,H1,False
M-noledger,3,R1,link-integrity,H1,SWR-002#v1,True,critic,H1,False
M-noledger,3,M5,semantic,H1,SWR-003#v1,True,critic,H1,False
M-noledger,3,M3,semantic,H1,SWR-005,True,human-review,H1,False
M-noledger,3,M6,semantic,H1,SWR-007#v1,True,critic,H1,False
M-noledger,3,S1,structural,H3,UNIT-kalman-update#v1,True,human-review,H3,False
M-noledger,3,M2,semantic,H3,UNIT-kalman-update#v1,True,critic,H3,False
M-noledger,3,S2,structural,H3,UNIT-compute-ttc#v1,True,policy,H3,False
M-noledger,3,S5,structural,H3,UNIT-plaus-score,True,human-review,H3,False
M-noledger,3,M1,semantic,H3,UNIT-brake-decision#v1,True,critic,H3,False
M-noledger,3,W1,link-integrity,H4,UT-UNIT-compute-ttc#v1,True,human-review,H4,False
M-noledger,3,S6,structural,H6,QT-SWR-005,True,human-review,H6,False
M-noledger,4,W2,link-integrity,H1,SWR-003#v1,True,critic,H1,False
M-noledger,4,R1,link-integrity,H1,SWR-006#v1,True,critic,H2,True
M-noledger,4,S2,structural,H3,UNIT-compute-ttc#v1,True,policy,H3,False
M-noledger,4,S5,structural,H3,UNIT-plaus-score,True,human-review,H3,False
M-noledger,4,M1,semantic,H3,UNIT-brake-decision#v1,True,critic,H3,False
M-noledger,4,S6,structural,H6,QT-SWR-005,True,human-review,H6,False
M-noledger,5,S3,structural,H1,SWR-001#v1,True,human-review,H1,False
M-noledger,5,M5,semantic,H1,SWR-003#v1,True,critic,H1,False
M-noledger,5,R1,link-integrity,H1,SWR-004#v1,True,critic,H2,True
M-noledger,5,M3,semantic,H1,SWR-005,True,human-review,H1,False
M-noledger,5,M4,semantic,H1,SWR-006#v1,True,policy,H1,False
M-noledger,5,W2,link-integrity,H1,SWR-008#v1,True,human-review,H1,False
M-noledger,5,S1,structural,H3,UNIT-kalman-update#v1,True,human-review,H3,False
M-noledger,5,M2,semantic,H3,UNIT-kalman-update#v1,True,critic,H3,False
M-noledger,5,S5,structural,H3,UNIT-plaus-score,True,human-review,H3,False
M-noledger,5,M1,semantic,H3,UNIT-brake-decision#v1,True,critic,H3,False
M-noledger,5,W1,link-integrity,H4,UT-UNIT-brake-decision#v1,False,,,True
M-noledger,6,M4,semantic,H1,SWR-002#v1,True,policy,H1,False
M-noledger,6,S3,structural,H1,SWR-004#v1,True,human-review,H1,False
M-noledger,6,M6,semantic,H1,SWR-004#v1,True,critic,H1,False
M-noledger,6,W2,link-integrity,H1,SWR-004#v1,True,critic,H1,False
M-noledger,6,M3,semantic,H1,SWR-005,True,human-review,H1,False
M-noledger,6,S2,structural,H3,UNIT-compute-ttc#v1,True,policy,H3,False
M-noledger,6,S5,structural,H3,UNIT-plaus-score,True,human-review,H3,False
M-noledger,6,M1,semantic,H3,UNIT-brake-decision#v1,True,critic,H3,False
M-noledger,6,W1,link-integrity,H4,UT-UNIT-brake-decision#v1,True,critic,H4,False
M-noledger,6,S6,structural,H6,QT-SWR-005,True,human-review,H6,False
M-noledger,7,S3,structural,H1,SWR-003#v1,True,human-review,H1,False
M-noledger,7,M5,semantic,H1,SWR-003#v1,True,critic,H1,False
M-noledger,7,M6,semantic,H1,SWR-005#v1,True,critic,H1,False
M-noledger,7,W2,link-integrity,H1,SWR-005#v1,True,critic,H1,False
M-noledger,7,R1,link-integrity,H1,SWR-008#v1,True,critic,H1,False
M-noledger,7,M2,semantic,H3,UNIT-kalman-update#v1,True,human-review,H3,False
M-noledger,7,S2,structural,H3,UNIT-compute-ttc#v1,True,policy,H3,False
M-noledger,7,S4,structural,H3,UNIT-radar-match#v1,True,human-review,H3,False
M-noledger,7,M1,semantic,H3,UNIT-brake-decision#v1,True,critic,H3,False
M-noledger,8,M6,semantic,H1,SWR-001#v1,True,critic,H1,False
M-noledger,8,R1,link-integrity,H1,SWR-002#v1,True,human-review,H1,False
M-noledger,8,M5,semantic,H1,SWR-003#v1,True,critic,H2,True
M-noledger,8,M3,semantic,H1,SWR-005,True,human-review,H1,False
M-noledger,8,S3,structural,H1,SWR-007#v1,True,human-review,H2,True
M-noledger,8,M4,semantic,H1,SWR-007#v1,True,policy,H1,False
M-noledger,8,W2,link-integrity,H1,SWR-007#v1,True,critic,H1,False
M-noledger,8,S1,structural,H3,UNIT-kalman-update#v1,True,human-review,H3,False
M-noledger,8,M2,semantic,H3,UNIT-kalman-update#v1,True,human-review,H3,False
M-noledger,8,S2,structural,H3,UNIT-compute-ttc#v1,True,policy,H3,False
M-noledger,8,S5,structural,H3,UNIT-plaus-score,True,human-review,H3,False
M-noledger,8,M1,semantic,H3,UNIT-brake-decision#v1,True,human-review,H3,False
M-noledger,8,W1,link-integrity,H4,UT-UNIT-kalman-update#v1,True,critic,H4,False
M-noledger,8,S6,structural,H6,QT-SWR-005,True,human-review,H6,False
M-noledger,9,S3,structural,H1,SWR-003#v1,True,human-review,H1,False
M-noledger,9,M5,semantic,H1,SWR-003#v1,True,critic,H1,False
M-noledger,9,R1,link-integrity,H1,SWR-003#v1,True,critic,H1,False
M-noledger,9,W2,link-integrity,H1,SWR-004#v1,True,critic,H1,False
M-noledger,9,M6,semantic,H1,SWR-006#v1,True,critic,H1,False
M-noledger,9,M4,semantic,H1,SWR-008#v1,True,policy,H1,False
M-noledger,9,M2,semantic,H3,UNIT-kalman-update#v1,True,critic,H3,False
M-noledger,9,S2,structural,H3,UNIT-compute-ttc#v1,True,policy,H3,False
M-noledger,9,S4,structural,H3,UNIT-radar-match#v1,True,human-review,H3,False
M-noledger,9,M1,semantic,H3,UNIT-brake-decision#v1,True,critic,H3,False
M-noledger,9,S6,structural,H6,QT-SWR-005,True,human-review,H6,False
M-noledger,10,R1,link-integrity,H1,SWR-002#v1,True,human-review,H1,False
M-noledger,10,M3,semantic,H1,SWR-005,True,human-review,H1,False
M-noledger,10,S3,structural,H1,SWR-006#v1,True,human-review,H1,False
M-noledger,10,W2,link-integrity,H1,SWR-008#v1,True,critic,H1,False
M-noledger,10,S1,structural,H3,UNIT-kalman-update#v1,True,human-review,H3,False
M-noledger,10,S2,structural,H3,UNIT-compute-ttc#v1,True,policy,H3,False
M-noledger,10,S4,structural,H3,UNIT-radar-match#v1,True,human-review,H3,False
M-noledger,10,S5,structural,H3,UNIT-plaus-score,True,human-review,H3,False
M-noledger,11,M4,semantic,H1,SWR-001#v1,True,policy,H1,False
M-noledger,11,W2,link-integrity,H1,SWR-002#v1,True,critic,H1,False
M-noledger,11,R1,link-integrity,H1,SWR-002#v1,True,critic,H1,False
M-noledger,11,M5,semantic,H1,SWR-003#v1,True,critic,H1,False
M-noledger,11,M3,semantic,H1,SWR-005,True,human-review,H1,False
M-noledger,11,S1,structural,H3,UNIT-kalman-update#v1,True,human-review,H3,False
M-noledger,11,M2,semantic,H3,UNIT-kalman-update#v1,True,human-review,H3,False
M-noledger,11,M1,semantic,H3,UNIT-brake-decision#v1,True,critic,H3,False
M-noledger,11,W1,link-integrity,H4,UT-UNIT-plaus-score#v1,True,human-review,H4,False
M-noledger,11,S6,structural,H6,QT-SWR-005,True,human-review,H6,False
M-nocritic,0,S3,structural,H1,SWR-002#v1,True,ledger,H1,False
M-nocritic,0,R1,link-integrity,H1,SWR-003#v1,True,human-review,H1,False
M-nocritic,0,M3,semantic,H1,SWR-005,True,ledger,H1,False
M-nocritic,0,S1,structural,H3,UNIT-kalman-update#v1,True,ledger,H3,False
M-nocritic,0,M2,semantic,H3,UNIT-kalman-update#v1,True,human-review,H3,False
M-nocritic,0,S2,structural,H3,UNIT-compute-ttc#v1,True,ledger,H3,False
M-nocritic,0,S4,structural,H3,UNIT-radar-match#v1,True,ledger,H3,False
M-nocritic,0,W1,link-integrity,H4,UT-UNIT-brake-decision#v1,True,human-review,H4,False
M-nocritic,0,S6,structural,H6,QT-SWR-005,True,ledger,H6,False
M-nocritic,1,M5,semantic,H1,SWR-003#v1,True,human-review,H1,False
M-nocritic,1,W2,link-integrity,H1,SWR-004#v1,True,human-review,H1,False
M-nocritic,1,M3,semantic,H1,SWR-005,True,ledger,H1,False
M-nocritic,1,S1,structural,H3,UNIT-kalman-update#v1,True,ledger,H3,False
M-nocritic,1,M2,semantic,H3,UNIT-kalman-update#v1,True,human-review,H3,False
M-nocritic,1,S2,structural,H3,UNIT-compute-ttc#v1,True,ledger,H3,False
M-nocritic,1,S5,structural,H3,UNIT-plaus-score,True,ledger,H3,False
M-nocritic,1,M1,semantic,H3,UNIT-brake-decision#v1,True,human-review,H3,False
M-nocritic,1,W1,link-integrity,H4,UT-UNIT-compute-ttc#v1,True,human-review,H4,False
M-nocritic,2,W2,link-integrity,H1,SWR-002#v1,True,human-review,H2,True
M-nocritic,2,M5,semantic,H1,SWR-003#v1,True,human-review,H1,False
M-nocritic,2,M4,semantic,H1,SWR-004#v1,True,ledger,H1,False
M-nocritic,2,M3,semantic,H1,SWR-005,True,ledger,H1,False
M-nocritic,2,S3,structural,H1,SWR-007#v1,True,ledger,H1,False
M-nocritic,2,M6,semantic,H1,SWR-007#v1,True,human-review,H1,False
M-nocritic,2,R1,link-integrity,H1,SWR-007#v1,True,human-review,H1,False
M-nocritic,2,S1,structural,H3,UNIT-kalman-update#v1,True,ledger,H3,False
M-nocritic,2,M2,semantic,H3,UNIT-kalman-update#v1,True,human-review,H3,False
M-nocritic,2,S2,structural,H3,UNIT-compute-ttc#v1,True,ledger,H3,False
M-nocritic,2,S4,structural,H3,UNIT-radar-match#v1,True,ledger,H3,False
M-nocritic,2,S5,structural,H3,UNIT-plaus-score,True,ledger,H3,False
M-nocritic,2,M1,semantic,H3,UNIT-brake-decision#v1,True,human-review,H3,False
M-nocritic,2,W1,link-integrity,H4,UT-UNIT-kalman-predict#v1,True,human-review,H4,False
M-nocritic,2,S6,structural,H6,QT-SWR-005,True,ledger,H6,False
M-nocritic,3,S3,structural,H1,SWR-001#v1,True,ledger,H1,False
M-nocritic,3,M4,semantic,H1,SWR-002#v1,True,ledger,H1,False
M-nocritic,3,R1,link-integrity,H1,SWR-008#v1,True,human-review,H1,False
M-nocritic,3,S1,structural,H3,UNIT-kalman-update#v1,True,ledger,H3,False
M-nocritic,3,M2,semantic,H3,UNIT-kalman-update#v1,True,human-review,H3,False
M-nocritic,3,S4,structural,H3,UNIT-radar-match#v1,True,ledger,H3,False
M-nocritic,3,S5,structural,H3,UNIT-plaus-score,True,ledger,H3,False
M-nocritic,3,M1,semantic,H3,UNIT-brake-decision#v1,True,human-review,H3,False
M-nocritic,3,W1,link-integrity,H4,UT-UNIT-compute-ttc#v1,True,human-review,H4,False
M-nocritic,3,S6,structural,H6,QT-SWR-005,True,ledger,H6,False
M-nocritic,4,M4,semantic,H1,SWR-001#v1,True,ledger,H1,False
M-nocritic,4,R1,link-integrity,H1,SWR-002#v1,True,human-review,H1,False
M-nocritic,4,M5,semantic,H1,SWR-003#v1,True,human-review,H1,False
M-nocritic,4,W2,link-integrity,H1,SWR-004#v1,True,human-review,H1,False
M-nocritic,4,M3,semantic,H1,SWR-005,True,ledger,H1,False
M-nocritic,4,S3,structural,H1,SWR-008#v1,True,ledger,H1,False
M-nocritic,4,S1,structural,H3,UNIT-kalman-update#v1,True,ledger,H3,False
M-nocritic,4,M2,semantic,H3,UNIT-kalman-update#v1,True,human-review,H3,False
M-nocritic,4,S4,structural,H3,UNIT-radar-match#v1,True,ledger,H3,False
M-nocritic,4,S5,structural,H3,UNIT-plaus-score,True,ledger,H3,False
M-nocritic,4,W1,link-integrity,H4,UT-UNIT-radar-match#v1,True,human-review,H4,False
M-nocritic,4,S6,structural,H6,QT-SWR-005,True,ledger,H6,False
M-nocritic,5,M5,semantic,H1,SWR-003#v1,True,human-review,H1,False
M-nocritic,5,W2,link-integrity,H1,SWR-003#v1,True,human-review,H1,False
M-nocritic,5,M6,semantic,H1,SWR-004#v1,True,human-review,H1,False
M-nocritic,5,M3,semantic,H1,SWR-005,True,ledger,H1,False
M-nocritic,5,S3,structural,H1,SWR-007#v1,True,ledger,H1,False
M-nocritic,5,M4,semantic,H1,SWR-008#v1,True,ledger,H1,False
M-nocritic,5,M2,semantic,H3,UNIT-kalman-update#v1,True,human-review,H3,False
M-nocritic,5,S4,structural,H3,UNIT-radar-match#v1,True,ledger,H3,False
M-nocritic,5,S5,structural,H3,UNIT-plaus-score,True,ledger,H3,False
M-nocritic,5,W1,link-integrity,H4,UT-UNIT-kalman-predict#v1,False,,,True
M-nocritic,6,M4,semantic,H1,SWR-001#v1,True,ledger,H1,False
M-nocritic,6,S3,structural,H1,SWR-001#v1,True,ledger,H1,False
M-nocritic,6,M6,semantic,H1,SWR-001#v1,True,human-review,H1,False
M-nocritic,6,M5,semantic,H1,SWR-003#v1,True,human-review,H1,False
M-nocritic,6,M3,semantic,H1,SWR-005,True,ledger,H1,False
M-nocritic,6,S1,structural,H3,UNIT-kalman-update#v1,True,ledger,H3,False
M-nocritic,6,M2,semantic,H3,UNIT-kalman-update#v1,True,human-review,H3,False
M-nocritic,6,S2,structural,H3,UNIT-compute-ttc#v1,True,ledger,H3,False
M-nocritic,6,S4,structural,H3,UNIT-radar-match#v1,True,ledger,H3,False
M-nocritic,6,S5,structural,H3,UNIT-plaus-score,True,ledger,H3,False
M-nocritic,6,W1,link-integrity,H4,UT-UNIT-radar-match#v1,True,human-review,H4,False
M-nocritic,7,W2,link-integrity,H1,SWR-002#v1,True,human-review,H1,False
M-nocritic,7,M5,semantic,H1,SWR-003#v1,True,human-review,H1,False
M-nocritic,7,M3,semantic,H1,SWR-005,True,ledger,H1,False
M-nocritic,7,R1,link-integrity,H1,SWR-006#v1,True,human-review,H1,False
M-nocritic,7,M4,semantic,H1,SWR-007#v1,True,ledger,H1,False
M-nocritic,7,M6,semantic,H1,SWR-007#v1,True,test,H6,True
M-nocritic,7,S1,structural,H3,UNIT-kalman-update#v1,True,ledger,H3,False
M-nocritic,7,M2,semantic,H3,UNIT-kalman-update#v1,True,human-review,H3,False
M-nocritic,7,S2,structural,H3,UNIT-compute-ttc#v1,True,ledger,H3,False
M-nocritic,7,S4,structural,H3,UNIT-radar-match#v1,True,ledger,H3,False
M-nocritic,7,S5,structural,H3,UNIT-plaus-score,True,ledger,H3,False
M-nocritic,7,W1,link-integrity,H4,UT-UNIT-radar-match#v1,True,human-review,H4,False
M-nocritic,8,S3,structural,H1,SWR-001#v1,True,ledger,H1,False
M-nocritic,8,M6,semantic,H1,SWR-001#v1,True,human-review,H1,False
M-nocritic,8,M5,semantic,H1,SWR-003#v1,True,human-review,H2,True
M-nocritic,8,M3,semantic,H1,SWR-005,True,ledger,H1,False
M-nocritic,8,M4,semantic,H1,SWR-006#v1,True,ledger,H1,False
M-nocritic,8,W2,link-integrity,H1,SWR-007#v1,True,human-review,H1,False
M-nocritic,8,R1,link-integrity,H1,SWR-007#v1,True,human-review,H1,False
M-nocritic,8,S1,structural,H3,UNIT-kalman-update#v1,True,ledger,H3,False
M-nocritic,8,M2,semantic,H3,UNIT-kalman-update#v1,True,human-review,H3,False
M-nocritic,8,S2,structural,H3,UNIT-compute-ttc#v1,True,ledger,H3,False
M-nocritic,8,S4,structural,H3,UNIT-radar-match#v1,True,ledger,H3,False
M-nocritic,8,W1,link-integrity,H4,UT-UNIT-brake-decision#v1,True,human-review,H4,False
M-nocritic,8,S6,structural,H6,QT-SWR-005,True,ledger,H6,False
M-nocritic,9,M4,semantic,H1,SWR-001#v1,True,ledger,H1,False
M-nocritic,9,M5,semantic,H1,SWR-003#v1,True,human-review,H1,False
M-nocritic,9,W2,link-integrity,H1,SWR-004#v1,True,human-review,H1,False
M-nocritic,9,R1,link-integrity,H1,SWR-007#v1,True,human-review,H1,False
M-nocritic,9,S3,structural,H1,SWR-008#v1,True,ledger,H1,False
M-nocritic,9,S1,structural,H3,UNIT-kalman-update#v1,True,ledger,H3,False
M-nocritic,9,M2,semantic,H3,UNIT-kalman-update#v1,True,human-review,H3,False
M-nocritic,9,S2,structural,H3,UNIT-compute-ttc#v1,True,ledger,H3,False
M-nocritic,9,S5,structural,H3,UNIT-plaus-score,True,ledger,H3,False
M-nocritic,9,S6,structural,H6,QT-SWR-005,True,ledger,H6,False
M-nocritic,10,M6,semantic,H1,SWR-003#v1,True,human-review,H1,False
M-nocritic,10,R1,link-integrity,H1,SWR-003#v1,True,human-review,H1,False
M-nocritic,10,S3,structural,H1,SWR-004#v1,True,ledger,H1,False
M-nocritic,10,M4,semantic,H1,SWR-006#v1,True,ledger,H1,False
M-nocritic,10,W2,link-integrity,H1,SWR-006#v1,True,human-review,H1,False
M-nocritic,10,S1,structural,H3,UNIT-kalman-update#v1,True,ledger,H3,False
M-nocritic,10,M2,semantic,H3,UNIT-kalman-update#v1,True,human-review,H3,False
M-nocritic,10,M1,semantic,H3,UNIT-brake-decision#v1,True,human-review,H3,False
M-nocritic,10,S6,structural,H6,QT-SWR-005,True,ledger,H6,False
M-nocritic,11,M5,semantic,H1,SWR-003#v1,True,human-review,H1,False
M-nocritic,11,R1,link-integrity,H1,SWR-004#v1,True,human-review,H1,False
M-nocritic,11,M3,semantic,H1,SWR-005,True,ledger,H1,False
M-nocritic,11,M4,semantic,H1,SWR-006#v1,True,ledger,H1,False
M-nocritic,11,W2,link-integrity,H1,SWR-006#v1,True,human-review,H1,False
M-nocritic,11,S1,structural,H3,UNIT-kalman-update#v1,True,ledger,H3,False
M-nocritic,11,M2,semantic,H3,UNIT-kalman-update#v1,True,human-review,H3,False
M-nocritic,11,S2,structural,H3,UNIT-compute-ttc#v1,True,ledger,H3,False
M-nocritic,11,S5,structural,H3,UNIT-plaus-score,True,ledger,H3,False
M-nocritic,11,M1,semantic,H3,UNIT-brake-decision#v1,True,coverage,H4,True
M-nopolicy,0,M5,semantic,H1,SWR-003#v1,True,critic,H1,False
M-nopolicy,0,M4,semantic,H1,SWR-004#v1,True,ledger,H1,False
M-nopolicy,0,M6,semantic,H1,SWR-004#v1,True,critic,H1,False
M-nopolicy,0,M3,semantic,H1,SWR-005,True,ledger,H1,False
M-nopolicy,0,S1,structural,H3,UNIT-kalman-update#v1,True,ledger,H3,False
M-nopolicy,0,M2,semantic,H3,UNIT-kalman-update#v1,True,coverage,H4,True
M-nopolicy,0,S4,structural,H3,UNIT-radar-match#v1,True,ledger,H3,False
M-nopolicy,0,S5,structural,H3,UNIT-plaus-score,True,ledger,H3,False
M-nopolicy,0,M1,semantic,H3,UNIT-brake-decision#v1,True,human-review,H3,False
M-nopolicy,0,W1,link-integrity,H4,UT-UNIT-kalman-update#v1,True,critic,H4,False
M-nopolicy,0,S6,structural,H6,QT-SWR-005,True,ledger,H6,False
M-nopolicy,1,M6,semantic,H1,SWR-002#v1,True,critic,H1,False
M-nopolicy,1,M5,semantic,H1,SWR-003#v1,True,critic,H1,False
M-nopolicy,1,M3,semantic,H1,SWR-005,True,ledger,H1,False
M-nopolicy,1,R1,link-integrity,H1,SWR-007#v1,True,human-review,H1,False
M-nopolicy,1,S3,structural,H1,SWR-008#v1,True,ledger,H1,False
M-nopolicy,1,S1,structural,H3,UNIT-kalman-update#v1,True,ledger,H3,False
M-nopolicy,1,M2,semantic,H3,UNIT-kalman-update#v1,True,critic,H3,False
M-nopolicy,1,S2,structural,H3,UNIT-compute-ttc#v1,True,ledger,H3,False
M-nopolicy,1,S4,structural,H3,UNIT-radar-match#v1,True,ledger,H3,False
M-nopolicy,1,S5,structural,H3,UNIT-plaus-score,True,ledger,H3,False
M-nopolicy,1,M1,semantic,H3,UNIT-brake-decision#v1,True,critic,H3,False
M-nopolicy,1,W1,link-integrity,H4,UT-UNIT-compute-ttc#v1,True,human-review,H4,False
M-nopolicy,2,M5,semantic,H1,SWR-003#v1,True,critic,H1,False
M-nopolicy,2,M6,semantic,H1,SWR-003#v1,True,critic,H1,False
M-nopolicy,2,S3,structural,H1,SWR-005#v1,True,ledger,H1,False
M-nopolicy,2,M4,semantic,H1,SWR-005#v1,True,ledger,H1,False
M-nopolicy,2,W2,link-integrity,H1,SWR-006#v1,True,critic,H1,False
M-nopolicy,2,S1,structural,H3,UNIT-kalman-update#v1,True,ledger,H3,False
M-nopolicy,2,M2,semantic,H3,UNIT-kalman-update#v1,True,human-review,H3,False
M-nopolicy,2,S2,structural,H3,UNIT-compute-ttc#v1,True,ledger,H3,False
M-nopolicy,2,S4,structural,H3,UNIT-radar-match#v1,True,ledger,H3,False
M-nopolicy,2,S5,structural,H3,UNIT-plaus-score,True,ledger,H3,False
M-nopolicy,2,M1,semantic,H3,UNIT-brake-decision#v1,True,critic,H3,False
M-nopolicy,2,W1,link-integrity,H4,UT-UNIT-brake-decision#v1,True,critic,H4,False
M-nopolicy,2,S6,structural,H6,QT-SWR-005,True,ledger,H6,False
M-nopolicy,3,M5,semantic,H1,SWR-003#v1,True,human-review,H1,False
M-nopolicy,3,M6,semantic,H1,SWR-003#v1,True,critic,H1,False
M-nopolicy,3,R1,link-integrity,H1,SWR-005#v1,True,critic,H1,False
M-nopolicy,3,S3,structural,H1,SWR-006#v1,True,ledger,H1,False
M-nopolicy,3,M4,semantic,H1,SWR-006#v1,True,ledger,H1,False
M-nopolicy,3,S1,structural,H3,UNIT-kalman-update#v1,True,ledger,H3,False
M-nopolicy,3,M2,semantic,H3,UNIT-kalman-update#v1,True,critic,H3,False
M-nopolicy,3,S2,structural,H3,UNIT-compute-ttc#v1,True,ledger,H3,False
M-nopolicy,3,S4,structural,H3,UNIT-radar-match#v1,True,ledger,H3,False
M-nopolicy,3,W1,link-integrity,H4,UT-UNIT-radar-match#v1,True,critic,H4,False
M-nopolicy,3,S6,structural,H6,QT-SWR-005,True,ledger,H6,False
M-nopolicy,4,W2,link-integrity,H1,SWR-001#v1,True,human-review,H1,False
M-nopolicy,4,M6,semantic,H1,SWR-002#v1,True,critic,H1,False
M-nopolicy,4,M5,semantic,H1,SWR-003#v1,True,critic,H1,False
M-nopolicy,4,M3,semantic,H1,SWR-005,True,ledger,H1,False
M-nopolicy,4,R1,link-integrity,H1,SWR-006#v1,True,human-review,H1,False
M-nopolicy,4,S3,structural,H1,SWR-008#v1,True,ledger,H1,False
M-nopolicy,4,M4,semantic,H1,SWR-008#v1,True,ledger,H1,False
M-nopolicy,4,S1,structural,H3,UNIT-kalman-update#v1,True,ledger,H3,False
M-nopolicy,4,M2,semantic,H3,UNIT-kalman-update#v1,True,human-review,H3,False
M-nopolicy,4,S2,structural,H3,UNIT-compute-ttc#v1,True,ledger,H3,False
M-nopolicy,4,S4,structural,H3,UNIT-radar-match#v1,True,ledger,H3,False
M-nopolicy,4,M1,semantic,H3,UNIT-brake-decision#v1,True,critic,H3,False
M-nopolicy,4,W1,link-integrity,H4,UT-UNIT-compute-ttc#v1,True,human-review,H4,False
M-nopolicy,4,S6,structural,H6,QT-SWR-005,True,ledger,H6,False
M-nopolicy,5,W2,link-integrity,H1,SWR-001#v1,True,critic,H1,False
M-nopolicy,5,M4,semantic,H1,SWR-002#v1,True,ledger,H1,False
M-nopolicy,5,M5,semantic,H1,SWR-003#v1,True,human-review,H2,True
M-nopolicy,5,M6,semantic,H1,SWR-004#v1,True,human-review,H2,True
M-nopolicy,5,M3,semantic,H1,SWR-005,True,ledger,H1,False
M-nopolicy,5,R1,link-integrity,H1,SWR-006#v1,True,critic,H1,False
M-nopolicy,5,S1,structural,H3,UNIT-kalman-update#v1,True,ledger,H3,False
M-nopolicy,5,M2,semantic,H3,UNIT-kalman-update#v1,True,critic,H3,False
M-nopolicy,5,S2,structural,H3,UNIT-compute-ttc#v1,True,ledger,H3,False
M-nopolicy,5,S4,structural,H3,UNIT-radar-match#v1,True,ledger,H3,False
M-nopolicy,5,S5,structural,H3,UNIT-plaus-score,True,ledger,H3,False
M-nopolicy,5,M1,semantic,H3,UNIT-brake-decision#v1,True,critic,H3,False
M-nopolicy,5,W1,link-integrity,H4,UT-UNIT-compute-ttc#v1,True,critic,H4,False
M-nopolicy,5,S6,structural,H6,QT-SWR-005,True,ledger,H6,False
M-nopolicy,6,W2,link-integrity,H1,SWR-002#v1,True,critic,H1,False
M-nopolicy,6,S3,structural,H1,SWR-003#v1,True,ledger,H1,False
M-nopolicy,6,R1,link-integrity,H1,SWR-003#v1,True,critic,H1,False
M-nopolicy,6,M5,semantic,H1,SWR-003#v1,True,human-review,H1,False
M-nopolicy,6,M4,semantic,H1,SWR-005#v1,True,ledger,H1,False
M-nopolicy,6,M6,semantic,H1,SWR-008#v1,True,human-review,H1,False
M-nopolicy,6,S1,structural,H3,UNIT-kalman-update#v1,True,ledger,H3,False
M-nopolicy,6,M2,semantic,H3,UNIT-kalman-update#v1,True,human-review,H3,False
M-nopolicy,6,S5,structural,H3,UNIT-plaus-score,True,ledger,H3,False
M-nopolicy,6,M1,semantic,H3,UNIT-brake-decision#v1,True,critic,H3,False
M-nopolicy,6,W1,link-integrity,H4,UT-UNIT-brake-decision#v1,True,human-review,H4,False
M-nopolicy,7,R1,link-integrity,H1,SWR-001#v1,True,critic,H1,False
M-nopolicy,7,M5,semantic,H1,SWR-003#v1,True,human-review,H1,False
M-nopolicy,7,M3,semantic,H1,SWR-005,True,ledger,H1,False
M-nopolicy,7,W2,link-integrity,H1,SWR-006#v1,True,human-review,H1,False
M-nopolicy,7,M4,semantic,H1,SWR-007#v1,True,ledger,H1,False
M-nopolicy,7,S1,structural,H3,UNIT-kalman-update#v1,True,ledger,H3,False
M-nopolicy,7,S2,structural,H3,UNIT-compute-ttc#v1,True,ledger,H3,False
M-nopolicy,7,S4,structural,H3,UNIT-radar-match#v1,True,ledger,H3,False
M-nopolicy,7,S5,structural,H3,UNIT-plaus-score,True,ledger,H3,False
M-nopolicy,7,M1,semantic,H3,UNIT-brake-decision#v1,True,critic,H3,False
M-nopolicy,7,W1,link-integrity,H4,UT-UNIT-kalman-update#v1,True,human-review,H4,False
M-nopolicy,7,S6,structural,H6,QT-SWR-005,True,ledger,H6,False
M-nopolicy,8,M4,semantic,H1,SWR-003#v1,True,ledger,H1,False
M-nopolicy,8,M5,semantic,H1,SWR-003#v1,True,human-review,H1,False
M-nopolicy,8,W2,link-integrity,H1,SWR-003#v1,True,critic,H1,False
M-nopolicy,8,M3,semantic,H1,SWR-005,True,ledger,H1,False
M-nopolicy,8,M6,semantic,H1,SWR-006#v1,True,critic,H1,False
M-nopolicy,8,R1,link-integrity,H1,SWR-008#v1,True,critic,H1,False
M-nopolicy,8,M2,semantic,H3,UNIT-kalman-update#v1,True,critic,H3,False
M-nopolicy,8,S2,structural,H3,UNIT-compute-ttc#v1,True,ledger,H3,False
M-nopolicy,8,S4,structural,H3,UNIT-radar-match#v1,True,ledger,H3,False
M-nopolicy,8,M1,semantic,H3,UNIT-brake-decision#v1,True,critic,H3,False
M-nopolicy,8,W1,link-integrity,H4,UT-UNIT-kalman-predict#v1,True,human-review,H4,False
M-nopolicy,8,S6,structural,H6,QT-SWR-005,True,ledger,H6,False
M-nopolicy,9,S3,structural,H1,SWR-003#v1,True,ledger,H1,False
M-nopolicy,9,M4,semantic,H1,SWR-003#v1,True,ledger,H1,False
M-nopolicy,9,M5,semantic,H1,SWR-003#v1,True,critic,H1,False
M-nopolicy,9,M6,semantic,H1,SWR-004#v1,True,human-review,H1,False
M-nopolicy,9,M3,semantic,H1,SWR-005,True,ledger,H1,False
M-nopolicy,9,M2,semantic,H3,UNIT-kalman-update#v1,True,critic,H3,False
M-nopolicy,9,S4,structural,H3,UNIT-radar-match#v1,True,ledger,H3,False
M-nopolicy,9,S5,structural,H3,UNIT-plaus-score,True,ledger,H3,False
M-nopolicy,9,W1,link-integrity,H4,UT-UNIT-radar-match#v1,True,critic,H4,False
M-nopolicy,9,S6,structural,H6,QT-SWR-005,True,ledger,H6,False
M-nopolicy,10,M5,semantic,H1,SWR-003#v1,True,human-review,H1,False
M-nopolicy,10,R1,link-integrity,H1,SWR-004#v1,True,human-review,H1,False
M-nopolicy,10,S3,structural,H1,SWR-006#v1,True,ledger,H1,False
M-nopolicy,10,W2,link-integrity,H1,SWR-008#v1,True,critic,H1,False
M-nopolicy,10,M2,semantic,H3,UNIT-kalman-update#v1,True,human-review,H3,False
M-nopolicy,10,S2,structural,H3,UNIT-compute-ttc#v1,True,ledger,H3,False
M-nopolicy,10,S4,structural,H3,UNIT-radar-match#v1,True,ledger,H3,False
M-nopolicy,10,S5,structural,H3,UNIT-plaus-score,True,ledger,H3,False
M-nopolicy,10,M1,semantic,H3,UNIT-brake-decision#v1,True,human-review,H3,False
M-nopolicy,10,S6,structural,H6,QT-SWR-005,True,ledger,H6,False
M-nopolicy,11,M5,semantic,H1,SWR-003#v1,True,critic,H2,True
M-nopolicy,11,S3,structural,H1,SWR-004#v1,True,ledger,H1,False
M-nopolicy,11,W2,link-integrity,H1,SWR-004#v1,True,critic,H1,False
M-nopolicy,11,M3,semantic,H1,SWR-005,True,ledger,H1,False
M-nopolicy,11,M4,semantic,H1,SWR-008#v1,True,ledger,H1,False
M-nopolicy,11,S1,structural,H3,UNIT-kalman-update#v1,True,ledger,H3,False
M-nopolicy,11,M2,semantic,H3,UNIT-kalman-update#v1,True,critic,H3,False
M-nopolicy,11,S2,structural,H3,UNIT-compute-ttc#v1,True,ledger,H3,False
M-nopolicy,11,S4,structural,H3,UNIT-radar-match#v1,True,ledger,H3,False
M-nopolicy,11,M1,semantic,H3,UNIT-brake-decision#v1,True,human-review,H3,False
M-nopolicy,11,W1,link-integrity,H4,UT-UNIT-plaus-score#v1,True,critic,H4,False
