config,seed,H1,H2,H3,H4,H5,H6
B0,0,0.0000,0.0000,0.0000,0.0000,0.0000,0.0000
B0,1,0.0000,0.0000,0.0000,0.0000,0.0000,0.0000
B0,2,0.0000,0.0000,0.0000,0.0000,0.0000,0.0000
B0,3,0.0000,0.0000,0.0000,0.0000,0.0000,0.0000
B0,4,0.0000,0.0000,0.0000,0.0000,0.0000,0.0000
B0,5,0.0000,0.0000,0.0000,0.0000,0.0000,0.0000
B0,6,0.0000,0.0000,0.0000,0.0000,0.0000,0.0000
B0,7,0.0000,0.0000,0.0000,0.0000,0.0000,0.0000
B0,8,0.0000,0.0000,0.0000,0.0000,0.0000,0.0000
B0,9,0.0000,0.0000,0.0000,0.0000,0.0000,0.0000
B0,10,0.0000,0.0000,0.0000,0.0000,0.0000,0.0000
B0,11,0.0000,0.0000,0.0000,0.0000,0.0000,0.0000
B1,0,0.2857,0.2857,0.2308,0.2143,0.2143,0.2000
B1,1,0.1667,0.1667,0.1667,0.2308,0.2308,0.2857
B1,2,0.8571,0.8571,0.7500,0.6667,0.6667,0.6667
B1,3,0.4286,0.4286,0.4167,0.4615,0.4615,0.4615
B1,4,0.7143,0.7143,0.4167,0.3846,0.3846,0.3846
B1,5,0.1667,0.1667,0.1818,0.1667,0.1667,0.1538
B1,6,0.5000,0.5000,0.4167,0.4167,0.4167,0.4167
B1,7,0.5000,0.5000,0.3333,0.3000,0.3000,0.3636
B1,8,0.3333,0.3333,0.6364,0.6364,0.6364,0.6364
B1,9,0.0000,0.0000,0.2500,0.2222,0.2222,0.3000
B1,10,0.2500,0.2500,0.4000,0.4000,0.4000,0.4000
B1,11,0.1429,0.1429,0.3636,0.3636,0.3636,0.3636
B2,0,0.4000,0.4000,0.5000,0.5455,0.5455,0.5833
B2,1,1.0000,1.0000,1.0000,0.9167,0.9167,0.9167
B2,2,0.4000,0.4000,0.6000,0.6364,0.6364,0.6364
B2,3,0.6667,0.6667,0.5000,0.5714,0.5714,0.5714
B2,4,0.6667,0.6667,0.6000,0.6364,0.6364,0.6364
B2,5,0.7143,0.7143,0.6364,0.5833,0.5833,0.5833
B2,6,0.7143,0.7143,0.7273,0.7273,0.7273,0.7273
B2,7,0.5714,0.5714,0.6000,0.5455,0.5455,0.5455
B2,8,0.6000,0.6000,0.6364,0.5833,0.5833,0.6154
B2,9,0.5000,0.5000,0.4444,0.4000,0.4000,0.4000
B2,10,0.8000,0.8000,0.7778,0.8000,0.8000,0.8000
B2,11,0.6000,0.6000,0.7000,0.7273,0.7273,0.7273
B3,0,0.0000,0.0000,0.0000,0.0000,0.0000,0.0000
B3,1,0.0000,0.0000,0.2000,0.2000,0.2000,0.2000
B3,2,0.0000,0.0000,0.5000,0.5000,0.5000,0.5000
B3,3,0.0000,0.0000,0.0000,0.0000,0.0000,0.0000
B3,4,0.0000,0.0000,0.0000,0.0000,0.0000,0.0000
B3,5,0.0000,0.0000,0.0000,0.0000,0.0000,0.0000
B3,6,0.0000,0.0000,0.0000,0.0000,0.0000,0.0000
B3,7,0.0000,0.0000,0.0000,0.0000,0.0000,0.0000
B3,8,0.0000,0.0000,0.0000,0.0000,0.0000,0.0000
B3,9,0.0000,0.0000,0.5000,0.5000,0.5000,0.5000
B3,10,0.0000,0.0000,0.0000,0.0000,0.0000,0.0000
B3,11,0.0000,0.0000,0.0000,0.0000,0.0000,0.0000
B4,0,0.0000,0.0000,0.0000,0.0000,0.0000,0.0000
B4,1,0.0000,0.0000,0.0000,0.0000,0.0000,0.0000
B4,2,0.0000,0.0000,0.0000,0.0000,0.0000,0.0000
B4,3,0.2500,0.2500,0.1429,0.1429,0.1429,0.1429
B4,4,0.0000,0.0000,0.2000,0.2000,0.2000,0.2000
B4,5,0.0000,0.0000,0.2500,0.4000,0.4000,0.3333
B4,6,0.2000,0.2000,0.1111,0.1000,0.1000,0.1000
B4,7,0.0000,0.0000,0.0000,0.0000,0.0000,0.0000
B4,8,0.0000,0.0000,0.0000,0.0000,0.0000,0.0000
B4,9,0.3333,0.3333,0.1667,0.1429,0.1429,0.1429
B4,10,0.5000,0.5000,0.3333,0.5000,0.5000,0.5000
B4,11,0.0000,0.0000,0.0000,0.0000,0.0000,0.0000
B5,0,0.0000,0.0000,0.0000,0.0000,0.0000,0.0000
B5,1,0.0000,0.0000,0.1429,0.1429,0.1429,0.1429
B5,2,0.0000,0.0000,0.0000,0.0000,0.0000,0.0000
B5,3,0.1667,0.1667,0.1111,0.1000,0.1000,0.1000
B5,4,0.0000,0.0000,0.0000,0.0000,0.0000,0.0000
B5,5,0.0000,0.0000,0.0000,0.0000,0.0000,0.1429
B5,6,1.0000,1.0000,0.2500,0.2000,0.2000,0.2000
B5,7,0.5000,0.5000,0.2000,0.2000,0.2000,0.2000
B5,8,0.0000,0.0000,0.0000,0.0000,0.0000,0.0000
B5,9,0.0000,0.0000,0.0000,0.0000,0.0000,0.0000
B5,10,0.0000,0.0000,0.0000,0.0000,0.0000,0.0000
B5,11,0.0000,0.0000,0.0000,0.0000,0.0000,0.0000
M,0,0.0000,0.0000,0.0000,0.0000,0.0000,0.0000
M,1,0.0000,0.0000,0.0000,0.0000,0.0000,0.0000
M,2,0.0000,0.0000,0.0000,0.0000,0.0000,0.0000
M,3,0.0000,0.0000,0.0000,0.0000,0.0000,0.0000
M,4,0.0000,0.0000,0.0000,0.0000,0.0000,0.0000
M,5,0.0000,0.0000,0.0000,0.0000,0.0000,0.0000
M,6,0.0000,0.0000,0.0000,0.0000,0.0000,0.0000
M,7,0.0000,0.0000,0.0000,0.0000,0.0000,0.0000
M,8,0.0000,0.0000,0.0000,0.0000,0.0000,0.0000
M,9,0.1667,0.1667,0.0909,0.0833,0.0833,0.0769
M,10,0.1667,0.1667,0.1000,0.0909,0.0909,0.0909
M,11,0.0000,0.0000,0.0000,0.0000,0.0000,0.0000
M-noledger,0,0.0000,0.0000,0.1000,0.0909,0.0909,0.0833
M-noledger,1,0.3333,0.3333,0.2500,0.2222,0.2222,0.2222
M-noledger,2,0.0000,0.0000,0.0000,0.0000,0.0000,0.0000
M-noledger,3,0.0000,0.0000,0.0000,0.0000,0.0000,0.0000
M-noledger,4,0.5000,0.5000,0.2000,0.2000,0.2000,0.1667
M-noledger,5,0.1667,0.1667,0.1000,0.1818,0.1818,0.1818
M-noledger,6,0.0000,0.0000,0.0000,0.0000,0.0000,0.0000
M-noledger,7,0.0000,0.0000,0.0000,0.0000,0.0000,0.0000
M-noledger,8,0.2857,0.2857,0.1667,0.1538,0.1538,0.1429
M-noledger,9,0.0000,0.0000,0.0000,0.0000,0.0000,0.0000
M-noledger,10,0.0000,0.0000,0.0000,0.0000,0.0000,0.0000
M-noledger,11,0.0000,0.0000,0.0000,0.0000,0.0000,0.0000
M-nocritic,0,0.0000,0.0000,0.0000,0.0000,0.0000,0.0000
M-nocritic,1,0.0000,0.0000,0.0000,0.0000,0.0000,0.0000
M-nocritic,2,0.1429,0.1429,0.0769,0.0714,0.0714,0.0667
M-nocritic,3,0.0000,0.0000,0.0000,0.0000,0.0000,0.0000
M-nocritic,4,0.0000,0.0000,0.0000,0.0000,0.0000,0.0000
M-nocritic,5,0.0000,0.0000,0.0000,0.1000,0.1000,0.1000
M-nocritic,6,0.0000,0.0000,0.0000,0.0000,0.0000,0.0000
M-nocritic,7,0.1667,0.1667,0.0909,0.0833,0.0833,0.0833
M-nocritic,8,0.1429,0.1429,0.0909,0.0833,0.0833,0.0769
M-nocritic,9,0.0000,0.0000,0.0000,0.0000,0.0000,0.0000
M-nocritic,10,0.0000,0.0000,0.0000,0.0000,0.0000,0.0000
M-nocritic,11,0.0000,0.0000,0.1000,0.1000,0.1000,0.1000
M-nopolicy,0,0.0000,0.0000,0.1111,0.1000,0.1000,0.0909
M-nopolicy,1,0.0000,0.0000,0.0000,0.0000,0.0000,0.0000
M-nopolicy,2,0.0000,0.0000,0.0000,0.0000,0.0000,0.0000
M-nopolicy,3,0.0000,0.0000,0.0000,0.0000,0.0000,0.0000
M-nopolicy,4,0.0000,0.0000,0.0000,0.0000,0.0000,0.0000
M-nopolicy,5,0.3333,0.3333,0.1667,0.1538,0.1538,0.1429
M-nopolicy,6,0.0000,0.0000,0.0000,0.0000,0.0000,0.0000
M-nopolicy,7,0.0000,0.0000,0.0000,0.0000,0.0000,0.0000
M-nopolicy,8,0.0000,0.0000,0.0000,0.0000,0.0000,0.0000
M-nopolicy,9,0.0000,0.0000,0.0000,0.0000,0.0000,0.0000
M-nopolicy,10,0.0000,0.0000,0.0000,0.0000,0.0000,0.0000
M-nopolicy,11,0.2000,0.2000,0.1000,0.0909,0.0909,0.0909
