config,seed,fixture,tc,first_pass_tc,n_injected,n_detected,n_leaked,n_leaked_structural,n_leaked_semantic,n_leaked_link_integrity,leakage,residual_violations,total_minutes,authoring_minutes,review_minutes,n_retries,n_escalations,n_advisory,n_audit_found,coverage_min_branch,coverage_shortfalls_leaked,critic_precision,critic_recall,self_approvals,change_impacts_untracked,chain_ok
B0,0,aeb,1.0000,0.9894,1,1,0,0,0,0,0.0000,0,20029.86,9844.03,9871.07,3,0,0,0,95.90,0,,,0,0,True
B0,1,aeb,1.0000,1.0000,0,0,0,0,0,0,,0,19671.95,8321.06,11195.18,1,0,0,0,96.12,0,,,0,0,True
B0,2,aeb,1.0000,1.0000,0,0,0,0,0,0,,0,19941.50,9362.08,10452.79,3,0,0,0,95.48,0,,,0,0,True
B0,3,aeb,1.0000,1.0000,1,1,0,0,0,0,0.0000,0,18953.24,8880.95,9840.25,1,0,0,0,75.00,0,,,0,0,True
B0,4,aeb,1.0000,1.0000,0,0,0,0,0,0,,0,20345.26,9252.35,10880.91,2,0,0,0,95.07,0,,,0,0,True
B0,5,aeb,1.0000,0.9894,2,2,0,0,0,0,0.0000,0,19371.90,9772.88,9353.66,1,0,0,0,95.32,0,,,0,0,True
B0,6,aeb,1.0000,0.9894,1,1,0,0,0,0,0.0000,0,19024.28,9204.24,9516.79,1,0,0,0,95.27,0,,,0,0,True
B0,7,aeb,1.0000,0.9894,2,2,0,0,0,0,0.0000,0,20465.49,8593.37,11685.08,2,0,0,0,95.38,0,,,0,0,True
B0,8,aeb,1.0000,1.0000,1,1,0,0,0,0,0.0000,0,20338.92,9107.62,10966.56,0,0,0,0,96.19,0,,,0,0,True
B0,9,aeb,1.0000,0.9894,1,1,0,0,0,0,0.0000,0,19770.03,9106.83,10445.09,2,0,0,0,95.61,0,,,0,0,True
B0,10,aeb,1.0000,1.0000,2,2,0,0,0,0,0.0000,0,19767.12,8497.56,11129.30,0,0,0,0,95.82,0,,,0,0,True
B0,11,aeb,1.0000,1.0000,0,0,0,0,0,0,,0,19479.71,8243.24,11087.89,4,0,0,0,95.16,0,,,0,0,True
B1,0,aeb,0.9647,0.9362,15,14,3,1,2,0,0.2000,3,2836.84,425.76,2231.07,0,2,0,0,72.00,2,,,35,5,True
B1,1,aeb,0.9759,0.9149,14,12,4,2,2,1,0.2857,2,2809.75,432.29,2077.46,0,4,0,0,72.00,3,,,54,5,True
B1,2,aeb,0.9878,0.9780,9,8,6,1,5,2,0.6667,1,2874.60,433.63,2200.96,0,4,0,0,91.97,0,,,49,10,True
B1,3,aeb,0.9268,0.8913,13,10,6,2,4,2,0.4615,8,2598.64,444.63,1839.02,0,5,0,0,72.00,1,,,42,10,True
B1,4,aeb,0.9878,0.9444,13,12,5,1,4,2,0.3846,1,2866.92,424.52,2142.39,0,6,0,0,75.00,1,,,49,5,True
B1,5,aeb,0.9875,0.9551,13,12,2,1,1,1,0.1538,1,2738.45,408.84,1999.61,0,6,0,0,91.89,1,,,49,5,True
B1,6,aeb,0.9875,0.9333,12,11,5,2,3,0,0.4167,1,2851.22,458.42,2062.81,0,6,0,0,72.00,1,,,41,0,True
B1,7,aeb,0.9744,0.9310,11,9,4,3,1,0,0.3636,2,2673.13,430.51,1927.62,0,7,0,0,75.00,1,,,47,5,True
B1,8,aeb,0.8961,0.8295,11,8,7,5,2,0,0.6364,9,2433.58,399.52,1809.05,0,3,0,0,72.00,3,,,46,5,True
B1,9,aeb,0.9744,0.9318,10,8,3,2,1,0,0.3000,2,2533.47,439.63,1973.82,0,2,0,0,72.00,1,,,46,5,True
B1,10,aeb,0.9481,0.9070,10,7,4,1,3,0,0.4000,4,2237.61,439.94,1722.69,0,1,0,0,72.00,2,,,43,5,True
B1,11,aeb,0.9882,0.9375,11,11,4,1,3,0,0.3636,1,2802.98,494.55,1978.44,0,4,0,0,72.00,2,,,43,5,True
B2,0,aeb,0.9103,0.9080,12,6,7,2,5,2,0.5833,7,2765.56,400.90,2364.65,0,0,0,0,72.00,3,,,0,5,True
B2,1,aeb,0.8571,0.8353,12,5,11,4,7,2,0.9167,11,2654.67,420.20,2234.46,0,0,0,0,72.00,3,,,0,5,True
B2,2,aeb,0.8875,0.8989,11,5,7,2,5,2,0.6364,13,2494.32,433.08,2061.24,0,0,0,0,72.00,3,,,0,5,True
B2,3,aeb,0.9765,0.9681,7,5,4,0,4,1,0.5714,2,2966.36,483.95,2422.40,0,0,0,0,72.00,1,,,0,10,True
B2,4,aeb,0.9412,0.9149,11,6,7,1,6,2,0.6364,5,3131.91,450.78,2621.13,0,0,0,0,72.00,1,,,0,5,True
B2,5,aeb,0.8902,0.8556,12,7,7,2,5,2,0.5833,9,2943.01,440.56,2502.45,0,0,0,0,72.00,2,,,0,5,True
B2,6,aeb,0.8442,0.8588,11,4,8,3,5,2,0.7273,14,2602.48,386.41,2216.07,0,0,0,0,72.00,2,,,0,5,True
B2,7,aeb,0.9024,0.9000,11,6,6,2,4,1,0.5455,12,2636.51,444.36,2192.14,0,0,0,0,72.00,1,,,0,5,True
B2,8,aeb,0.8590,0.8621,13,7,8,3,5,1,0.6154,13,2880.15,424.42,2425.74,0,0,0,0,72.00,3,,,0,5,True
B2,9,aeb,0.9351,0.9176,10,7,4,2,2,0,0.4000,9,2572.74,389.75,2182.99,0,0,0,0,72.00,0,,,0,0,True
B2,10,aeb,0.9268,0.9000,10,5,8,1,7,2,0.8000,6,2962.93,421.23,2541.68,0,0,0,0,72.00,3,,,0,5,True
B2,11,aeb,0.8701,0.8588,11,5,8,4,4,1,0.7273,10,2903.22,427.21,2476.01,0,0,0,0,72.00,3,,,0,5,True
B3,0,aeb,1.0000,1.0000,0,0,0,0,0,0,,0,13479.64,9556.63,3923.02,0,0,0,0,95.26,0,,,0,5,True
B3,1,aeb,0.9765,0.9681,5,4,1,0,1,0,0.2000,2,14010.45,9670.25,4340.21,1,0,0,0,72.00,1,,,0,5,True
B3,2,aeb,0.9875,0.9888,2,1,1,1,0,0,0.5000,1,12059.03,8113.61,3945.40,1,0,0,0,95.08,0,,,0,5,True
B3,3,aeb,1.0000,1.0000,0,0,0,0,0,0,,0,13069.25,9313.31,3755.95,0,0,0,0,95.95,0,,,0,5,True
B3,4,aeb,1.0000,0.9787,3,3,0,0,0,0,0.0000,0,13377.71,9282.90,4094.80,2,0,0,0,75.00,1,,,0,5,True
B3,5,aeb,1.0000,0.9894,1,1,0,0,0,0,0.0000,0,14016.30,9999.59,4016.71,1,0,0,0,75.00,1,,,0,5,True
B3,6,aeb,1.0000,1.0000,2,2,0,0,0,0,0.0000,0,13685.46,9045.14,4640.33,0,0,0,0,94.87,0,,,0,10,True
B3,7,aeb,1.0000,0.9894,1,1,0,0,0,0,0.0000,0,13815.11,9473.72,4341.39,1,0,0,0,95.03,0,,,0,10,True
B3,8,aeb,1.0000,0.9894,3,3,0,0,0,0,0.0000,0,13476.82,9574.41,3872.41,0,0,0,0,96.08,0,,,0,5,True
B3,9,aeb,0.9647,0.9681,2,1,1,1,0,0,0.5000,7,13044.50,9077.36,3967.14,0,0,0,0,72.00,1,,,0,5,True
B3,10,aeb,1.0000,0.9894,1,1,0,0,0,0,0.0000,0,13386.42,9248.00,4138.43,1,0,0,0,75.00,5,,,0,5,True
B3,11,aeb,1.0000,0.9894,6,6,0,0,0,0,0.0000,0,12992.03,8868.28,4093.76,1,0,0,0,95.17,0,,,0,5,True
B4,0,aeb,1.0000,0.9681,6,6,0,0,0,0,0.0000,0,2657.24,460.44,2196.81,1,0,0,0,75.00,1,,,0,5,True
B4,1,aeb,1.0000,0.9787,5,5,0,0,0,0,0.0000,0,2557.33,475.06,2082.27,1,0,0,0,75.00,1,,,0,5,True
B4,2,aeb,1.0000,0.9681,7,7,0,0,0,0,0.0000,0,2426.41,468.77,1927.65,2,0,0,0,75.00,2,,,0,5,True
B4,3,aeb,1.0000,0.9787,7,7,1,0,1,0,0.1429,0,2549.07,467.73,2051.32,1,0,0,0,75.00,1,,,0,5,True
B4,4,aeb,0.9765,0.9681,5,4,1,0,1,0,0.2000,2,2556.68,474.37,2012.30,0,0,2,0,72.00,3,,,0,5,True
B4,5,aeb,0.9647,0.9681,6,4,2,1,1,1,0.3333,7,2432.32,464.18,1903.14,0,0,7,0,72.00,0,,,0,10,True
B4,6,aeb,0.9882,0.9574,10,9,1,0,1,1,0.1000,1,2533.23,450.93,2017.29,1,0,1,0,93.96,0,,,0,5,True
B4,7,aeb,1.0000,0.9787,5,5,0,0,0,0,0.0000,0,2447.31,456.66,1960.65,0,0,0,0,75.00,1,,,0,5,True
B4,8,aeb,1.0000,0.9787,6,6,0,0,0,0,0.0000,0,2765.85,436.82,2299.02,0,0,0,0,75.00,1,,,0,5,True
B4,9,aeb,1.0000,0.9787,7,7,1,0,1,0,0.1429,0,2468.45,424.39,2014.05,1,0,0,0,75.00,1,,,0,5,True
B4,10,aeb,1.0000,0.9894,4,3,2,0,2,1,0.5000,0,2792.70,442.28,2320.42,0,0,0,0,75.00,1,,,0,5,True
B4,11,aeb,1.0000,0.9787,7,7,0,0,0,0,0.0000,0,2375.36,430.94,1884.42,1,0,0,0,75.00,1,,,0,5,True
B5,0,aeb,1.0000,0.9787,5,5,0,0,0,0,0.0000,0,2629.74,464.62,1275.13,0,0,0,0,93.54,0,,,0,5,True
B5,1,aeb,0.9765,0.9574,7,7,1,0,1,0,0.1429,2,2688.55,442.22,1311.32,0,0,0,1,72.00,2,,,0,5,True
B5,2,aeb,1.0000,0.9787,8,8,0,0,0,0,0.0000,0,2712.22,440.53,1351.70,0,0,0,0,93.00,0,,,0,5,True
B5,3,aeb,0.9765,0.9574,10,10,1,0,1,0,0.1000,3,2762.55,446.09,1321.45,0,0,0,1,94.49,1,,,0,5,True
B5,4,aeb,1.0000,0.9787,5,5,0,0,0,0,0.0000,0,2504.78,430.83,1183.96,0,0,0,0,75.00,1,,,0,10,True
B5,5,aeb,0.9880,0.9565,7,7,1,1,0,0,0.1429,1,2489.24,432.88,1141.37,0,0,0,1,93.50,0,,,0,5,True
B5,6,aeb,1.0000,0.9574,5,5,1,1,0,0,0.2000,0,2510.43,457.18,1163.25,0,0,0,0,75.00,1,,,0,5,True
B5,7,aeb,0.9878,0.9778,5,5,1,0,1,0,0.2000,1,2513.68,444.08,1134.61,0,0,0,1,92.83,0,,,0,5,True
B5,8,aeb,1.0000,0.9681,7,7,0,0,0,0,0.0000,0,2538.71,480.10,1168.61,0,0,0,0,75.00,2,,,0,5,True
B5,9,aeb,1.0000,0.9681,10,10,0,0,0,0,0.0000,0,2682.65,450.45,1282.20,0,0,0,0,75.00,1,,,0,5,True
B5,10,aeb,1.0000,0.9894,5,5,0,0,0,0,0.0000,0,2669.26,473.06,1276.22,0,0,0,0,93.64,1,,,0,5,True
B5,11,aeb,1.0000,0.9787,6,6,0,0,0,0,0.0000,0,2629.79,398.48,1311.30,0,0,0,0,92.71,0,,,0,5,True
M,0,aeb,1.0000,0.9468,13,13,0,0,0,0,0.0000,0,4569.09,487.47,3854.80,5,0,0,0,96.32,0,0.500,1.000,0,0,True
M,1,aeb,1.0000,0.9574,11,11,0,0,0,0,0.0000,0,5433.79,471.98,4684.81,5,0,0,0,75.00,0,0.286,0.800,0,0,True
M,2,aeb,1.0000,0.9574,12,12,0,0,0,0,0.0000,0,4983.84,469.59,4203.11,4,0,0,0,95.80,0,0.294,1.000,0,0,True
M,3,aeb,1.0000,0.9681,12,12,0,0,0,0,0.0000,0,4990.50,466.06,4252.14,3,0,0,0,97.56,0,0.438,1.000,0,0,True
M,4,aeb,1.0000,0.9574,11,11,0,0,0,0,0.0000,0,4914.56,484.94,4113.74,4,0,0,0,96.52,0,0.190,0.667,0,0,True
M,5,aeb,1.0000,0.9681,13,13,0,0,0,0,0.0000,0,5055.25,444.31,4296.00,4,0,0,0,95.70,0,0.308,0.571,0,0,True
M,6,aeb,1.0000,0.9894,11,11,0,0,0,0,0.0000,0,4599.10,459.60,3853.55,3,0,0,0,96.67,0,0.267,0.571,0,0,True
M,7,aeb,1.0000,0.9574,12,12,0,0,0,0,0.0000,0,4752.49,441.73,4050.71,6,0,0,0,95.71,0,0.286,0.800,0,0,True
M,8,aeb,1.0000,0.9574,14,14,0,0,0,0,0.0000,0,4617.98,426.76,3906.81,7,0,0,0,97.01,0,0.429,1.000,0,0,True
M,9,aeb,1.0000,0.9468,13,13,1,0,1,0,0.0769,0,4507.79,433.50,3843.89,5,0,0,0,95.59,0,0.267,0.500,0,0,True
M,10,aeb,1.0000,0.9681,11,11,1,0,1,0,0.0909,0,5110.49,493.11,4391.68,5,0,0,0,96.78,0,0.364,0.571,0,0,True
M,11,aeb,1.0000,0.9681,12,12,0,0,0,0,0.0000,0,4966.16,428.39,4292.43,3,0,0,0,95.73,0,0.375,0.500,0,0,True
M-noledger,0,aeb,0.9875,0.9663,12,11,1,1,0,0,0.0833,1,4986.70,464.13,4382.58,1,0,0,0,95.77,0,0.500,0.800,0,5,True
M-noledger,1,aeb,0.9878,0.9670,9,8,2,1,1,0,0.2222,1,4235.64,416.30,3629.34,1,0,0,0,95.82,0,0.308,0.800,0,5,True
M-noledger,2,aeb,1.0000,0.9574,12,12,0,0,0,0,0.0000,0,5101.65,440.00,4431.65,2,0,0,0,95.69,0,0.294,0.833,0,5,True
M-noledger,3,aeb,1.0000,0.9681,12,12,0,0,0,0,0.0000,0,4954.65,488.47,4226.18,1,0,0,0,96.57,0,0.333,0.833,0,5,True
M-noledger,4,aeb,1.0000,0.9894,6,6,1,0,1,1,0.1667,0,4997.11,439.17,4387.94,2,0,0,0,75.00,0,0.273,0.750,0,5,True
M-noledger,5,aeb,1.0000,0.9681,11,10,2,0,2,2,0.1818,0,4832.93,460.15,4182.79,2,0,0,0,95.58,0,0.308,0.571,0,5,True
M-noledger,6,aeb,1.0000,0.9894,10,10,0,0,0,0,0.0000,0,5276.54,461.36,4555.18,3,0,0,0,96.07,0,0.235,1.000,0,5,True
M-noledger,7,aeb,1.0000,0.9681,9,9,0,0,0,0,0.0000,0,4981.24,491.41,4329.82,2,0,0,0,95.36,0,0.312,0.833,0,5,True
M-noledger,8,aeb,1.0000,0.9574,14,14,2,1,1,0,0.1429,0,5287.25,529.43,4527.82,2,0,0,0,96.43,0,0.286,0.500,0,5,True
M-noledger,9,aeb,1.0000,0.9574,11,11,0,0,0,0,0.0000,0,4404.82,464.61,3780.21,3,0,0,0,95.36,0,0.462,1.000,0,5,True
M-noledger,10,aeb,1.0000,0.9574,8,8,0,0,0,0,0.0000,0,5438.26,453.31,4834.94,2,0,0,0,95.83,0,0.111,0.500,0,5,True
M-noledger,11,aeb,1.0000,0.9894,10,10,0,0,0,0,0.0000,0,4866.19,452.87,4243.32,1,0,0,0,95.36,0,0.364,0.667,0,5,True
M-nocritic,0,aeb,1.0000,0.9574,9,9,0,0,0,0,0.0000,0,4907.39,441.71,4351.49,5,0,0,0,96.15,0,,,0,0,True
M-nocritic,1,aeb,1.0000,0.9787,9,9,0,0,0,0,0.0000,0,4358.79,462.36,3733.63,2,0,0,0,96.34,0,,,0,0,True
M-nocritic,2,aeb,1.0000,0.9468,15,15,1,0,1,1,0.0667,0,5010.68,448.91,4404.91,5,0,0,0,95.63,0,,,0,0,True
M-nocritic,3,aeb,1.0000,0.9681,10,10,0,0,0,0,0.0000,0,4429.81,471.41,3846.71,5,0,0,0,97.37,0,,,0,0,True
M-nocritic,4,aeb,1.0000,0.9681,12,12,0,0,0,0,0.0000,0,4800.44,425.08,4237.85,5,0,0,0,95.39,0,,,0,0,True
M-nocritic,5,aeb,1.0000,0.9681,10,9,1,0,1,1,0.1000,0,4589.21,420.05,4050.72,4,0,0,0,95.44,0,,,0,0,True
M-nocritic,6,aeb,1.0000,0.9681,11,11,0,0,0,0,0.0000,0,4899.91,471.53,4287.96,6,0,0,0,95.64,0,,,0,0,True
M-nocritic,7,aeb,1.0000,0.9579,12,12,1,0,1,0,0.0833,0,4616.84,507.48,3941.95,4,0,0,0,95.94,0,,,0,0,True
M-nocritic,8,aeb,1.0000,0.9468,13,13,1,0,1,0,0.0769,0,4681.38,498.59,4062.07,5,0,0,0,95.96,0,,,0,0,True
M-nocritic,9,aeb,1.0000,0.9681,10,10,0,0,0,0,0.0000,0,5312.62,478.69,4685.11,4,0,0,0,95.56,0,,,0,0,True
M-nocritic,10,aeb,1.0000,0.9681,9,9,0,0,0,0,0.0000,0,4710.78,480.63,4134.62,4,0,0,0,95.93,0,,,0,0,True
M-nocritic,11,aeb,1.0000,0.9684,10,10,1,0,1,0,0.1000,0,4848.78,481.38,4184.08,3,0,0,0,95.99,0,,,0,0,True
M-nopolicy,0,aeb,1.0000,0.9684,11,11,1,0,1,0,0.0909,0,4959.38,444.53,4193.75,4,0,0,0,96.72,0,0.188,0.600,0,0,True
M-nopolicy,1,aeb,1.0000,0.9574,12,12,0,0,0,0,0.0000,0,5161.60,460.53,4416.14,5,0,0,0,96.47,0,0.400,0.667,0,0,True
M-nopolicy,2,aeb,1.0000,0.9574,13,13,0,0,0,0,0.0000,0,5026.47,457.97,4312.28,5,0,0,0,96.00,0,0.357,0.833,0,0,True
M-nopolicy,3,aeb,1.0000,0.9574,11,11,0,0,0,0,0.0000,0,5180.13,458.77,4479.39,6,0,0,0,97.06,0,0.235,0.800,0,0,True
M-nopolicy,4,aeb,1.0000,0.9574,14,14,0,0,0,0,0.0000,0,4845.68,431.74,4115.96,6,0,0,0,95.81,0,0.158,0.429,0,0,True
M-nopolicy,5,aeb,1.0000,0.9681,14,14,2,0,2,0,0.1429,0,4732.07,446.88,3958.27,5,0,0,0,95.78,0,0.312,0.556,0,0,True
M-nopolicy,6,aeb,1.0000,0.9681,11,11,0,0,0,0,0.0000,0,4776.95,428.67,4127.69,3,0,0,0,96.30,0,0.231,0.429,0,0,True
M-nopolicy,7,aeb,1.0000,0.9681,12,12,0,0,0,0,0.0000,0,5135.54,421.64,4422.74,5,0,0,0,96.23,0,0.182,0.400,0,0,True
M-nopolicy,8,aeb,1.0000,0.9681,12,12,0,0,0,0,0.0000,0,4936.83,438.35,4217.01,3,0,0,0,96.96,0,0.333,0.714,0,0,True
M-nopolicy,9,aeb,1.0000,0.9787,10,10,0,0,0,0,0.0000,0,5232.30,452.33,4452.62,4,0,0,0,96.08,0,0.176,0.750,0,0,True
M-nopolicy,10,aeb,1.0000,0.9681,10,10,0,0,0,0,0.0000,0,5330.29,434.99,4677.76,3,0,0,0,96.63,0,0.143,0.200,0,0,True
M-nopolicy,11,aeb,1.0000,0.9574,11,11,1,0,1,0,0.0909,0,5061.63,449.84,4401.91,5,0,0,0,96.22,0,0.364,0.667,0,0,True
