config,n_seeds,tc_mean,tc_lo,tc_hi,first_pass_tc_mean,leakage_pooled,leakage_mean,leakage_lo,leakage_hi,leak_struct_mean,leak_sem_mean,violations_mean,minutes_mean,minutes_lo,minutes_hi,authoring_mean,review_mean,retries_mean,escalations_mean,coverage_min_branch_mean,injected_mean
B0,12,1.0000,1.0000,1.0000,0.9956,0.0000,0.0000,0.0000,0.0000,0.0000,0.0000,0.00,19763.3,19485.3,20014.1,9015.5,10535.4,1.67,0.00,93.86,0.92
B1,12,0.9666,0.9496,0.9802,0.9242,0.3732,0.3861,0.3038,0.4766,0.1594,0.2266,2.92,2688.1,2570.7,2787.1,436.0,1997.1,0.00,4.17,75.82,11.83
B2,12,0.9000,0.8789,0.9226,0.8898,0.6489,0.6452,0.5769,0.7193,0.1907,0.4545,9.25,2792.8,2683.5,2897.8,426.9,2353.4,0.00,0.00,72.00,10.92
B3,12,0.9941,0.9872,0.9990,0.9875,0.1154,0.1200,0.0000,0.2500,0.1000,0.0200,0.83,13367.7,13029.8,13641.8,9268.6,4094.1,0.67,0.00,86.37,2.17
B4,12,0.9941,0.9873,1.0000,0.9743,0.1067,0.1183,0.0405,0.2139,0.0139,0.1044,0.83,2546.8,2477.6,2617.1,454.4,2055.8,0.67,0.00,76.08,6.25
B5,12,0.9941,0.9882,0.9990,0.9706,0.0625,0.0655,0.0238,0.1155,0.0286,0.0369,0.58,2611.0,2557.9,2663.4,446.7,1243.4,0.00,0.00,85.48,6.67
M,12,1.0000,1.0000,1.0000,0.9619,0.0138,0.0140,0.0000,0.0344,0.0000,0.0140,0.00,4875.1,4730.9,5031.9,459.0,4145.3,4.50,0.00,94.53,12.08
M-noledger,12,0.9979,0.9949,1.0000,0.9696,0.0645,0.0664,0.0208,0.1170,0.0222,0.0443,0.17,4946.9,4745.7,5123.1,463.4,4292.6,1.83,0.00,94.07,10.33
M-nocritic,12,1.0000,1.0000,1.0000,0.9637,0.0385,0.0356,0.0125,0.0600,0.0000,0.0356,0.00,4763.9,4623.9,4914.0,465.7,4160.1,4.33,0.00,95.95,10.83
M-nopolicy,12,1.0000,1.0000,1.0000,0.9646,0.0284,0.0271,0.0000,0.0584,0.0000,0.0271,0.00,5031.6,4927.1,5132.9,443.9,4314.6,4.50,0.00,96.35,11.75
