parameter,value,seed,leakage,total_minutes,final_tc,n_injected,n_leaked
human_recall,0.7,0,0.0000,4569.1,1.0000,13,0
human_recall,0.7,1,0.0909,5433.8,1.0000,11,1
human_recall,0.7,2,0.0000,4983.8,1.0000,12,0
human_recall,0.7,3,0.0000,4990.5,1.0000,12,0
human_recall,0.7,4,0.0000,4914.6,1.0000,11,0
human_recall,0.7,5,0.0769,5316.2,1.0000,13,1
human_recall,0.8,0,0.0000,4569.1,1.0000,13,0
human_recall,0.8,1,0.0000,5433.8,1.0000,11,0
human_recall,0.8,2,0.0000,4983.8,1.0000,12,0
human_recall,0.8,3,0.0000,4990.5,1.0000,12,0
human_recall,0.8,4,0.0000,4914.6,1.0000,11,0
human_recall,0.8,5,0.0000,5055.2,1.0000,13,0
human_recall,0.9,0,0.0000,4569.1,1.0000,13,0
human_recall,0.9,1,0.0000,5433.8,1.0000,11,0
human_recall,0.9,2,0.0000,4983.8,1.0000,12,0
human_recall,0.9,3,0.0000,4990.5,1.0000,12,0
human_recall,0.9,4,0.0000,4914.6,1.0000,11,0
human_recall,0.9,5,0.0000,5055.2,1.0000,13,0
critic_recall,0.5,0,0.0000,4559.1,1.0000,13,0
critic_recall,0.5,1,0.0000,5423.8,1.0000,11,0
critic_recall,0.5,2,0.0000,4973.8,1.0000,12,0
critic_recall,0.5,3,0.0000,4970.5,1.0000,12,0
critic_recall,0.5,4,0.0000,4904.6,1.0000,11,0
critic_recall,0.5,5,0.0769,5055.7,1.0000,13,1
critic_recall,0.7,0,0.0000,4569.1,1.0000,13,0
critic_recall,0.7,1,0.0000,5433.8,1.0000,11,0
critic_recall,0.7,2,0.0000,4983.8,1.0000,12,0
critic_recall,0.7,3,0.0000,4990.5,1.0000,12,0
critic_recall,0.7,4,0.0000,4914.6,1.0000,11,0
critic_recall,0.7,5,0.0000,5055.2,1.0000,13,0
critic_recall,0.9,0,0.0000,4569.1,1.0000,13,0
critic_recall,0.9,1,0.0000,5433.8,1.0000,11,0
critic_recall,0.9,2,0.0000,4983.8,1.0000,12,0
critic_recall,0.9,3,0.0000,4990.5,1.0000,12,0
critic_recall,0.9,4,0.0000,4934.6,1.0000,11,0
critic_recall,0.9,5,0.0000,5075.2,1.0000,13,0
inject_mult,0.5,0,0.0000,4488.5,1.0000,9,0
inject_mult,0.5,1,0.0000,5309.3,1.0000,5,0
inject_mult,0.5,2,0.0000,4940.0,1.0000,9,0
inject_mult,0.5,3,0.0000,4881.2,1.0000,8,0
inject_mult,0.5,4,0.0000,4850.4,1.0000,7,0
inject_mult,0.5,5,0.0000,4892.3,1.0000,6,0
inject_mult,1.0,0,0.0000,4569.1,1.0000,13,0
inject_mult,1.0,1,0.0000,5433.8,1.0000,11,0
inject_mult,1.0,2,0.0000,4983.8,1.0000,12,0
inject_mult,1.0,3,0.0000,4990.5,1.0000,12,0
inject_mult,1.0,4,0.0000,4914.6,1.0000,11,0
inject_mult,1.0,5,0.0000,5055.2,1.0000,13,0
inject_mult,2.0,0,0.0000,4625.0,1.0000,15,0
inject_mult,2.0,1,0.0000,5516.3,1.0000,14,0
inject_mult,2.0,2,0.0000,5032.1,1.0000,14,0
inject_mult,2.0,3,0.0000,5028.8,1.0000,13,0
inject_mult,2.0,4,0.0000,4978.9,1.0000,13,0
inject_mult,2.0,5,0.0000,5067.6,1.0000,14,0
corr_p,0.0,0,0.0000,4569.1,1.0000,13,0
corr_p,0.0,1,0.0000,5433.8,1.0000,11,0
corr_p,0.0,2,0.0000,4983.8,1.0000,12,0
corr_p,0.0,3,0.0000,4990.5,1.0000,12,0
corr_p,0.0,4,0.0000,4914.6,1.0000,11,0
corr_p,0.0,5,0.0000,5055.2,1.0000,13,0
corr_p,0.2,0,0.1538,4578.1,1.0000,13,2
corr_p,0.2,1,0.0909,5423.2,1.0000,11,1
corr_p,0.2,2,0.0833,4979.2,1.0000,12,1
corr_p,0.2,3,0.0000,4920.5,1.0000,12,0
corr_p,0.2,4,0.0000,4904.6,1.0000,11,0
corr_p,0.2,5,0.0000,5075.2,1.0000,13,0
corr_p,0.5,0,0.0000,4529.1,1.0000,13,0
corr_p,0.5,1,0.0000,5393.8,1.0000,11,0
corr_p,0.5,2,0.0833,4989.2,1.0000,12,1
corr_p,0.5,3,0.0000,4930.5,1.0000,12,0
corr_p,0.5,4,0.0000,4874.6,1.0000,11,0
corr_p,0.5,5,0.3077,5167.6,1.0000,13,4
