config,seed,gate,I1,I2,I3,I4,I5,I6,I7,I8,I9,I10,I11,total
B0,0,H1,0,8,8,0,8,0,0,0,0,0,0,24
B0,0,H2,0,8,0,0,11,0,0,0,0,0,0,19
B0,0,H3,0,0,0,0,19,0,0,8,0,0,0,27
B0,0,H4,0,0,0,0,11,0,0,8,0,0,0,19
B0,0,H5,0,0,0,0,8,0,0,0,0,0,0,8
B0,0,H6,0,0,0,0,0,0,0,0,0,0,0,0
B0,1,H1,0,8,8,0,8,0,0,0,0,0,0,24
B0,1,H2,0,8,0,0,11,0,0,0,0,0,0,19
B0,1,H3,0,0,0,0,19,0,0,8,0,0,0,27
B0,1,H4,0,0,0,0,11,0,0,8,0,0,0,19
B0,1,H5,0,0,0,0,8,0,0,0,0,0,0,8
B0,1,H6,0,0,0,0,0,0,0,0,0,0,0,0
B0,2,H1,0,8,8,0,8,0,0,0,0,0,0,24
B0,2,H2,0,8,0,0,11,0,0,0,0,0,0,19
B0,2,H3,0,0,0,0,19,0,0,8,0,0,0,27
B0,2,H4,0,0,0,0,11,0,0,8,0,0,0,19
B0,2,H5,0,0,0,0,8,0,0,0,0,0,0,8
B0,2,H6,0,0,0,0,0,0,0,0,0,0,0,0
B0,3,H1,0,8,8,0,8,0,0,0,0,0,0,24
B0,3,H2,0,8,0,0,11,0,0,0,0,0,0,19
B0,3,H3,0,0,0,0,19,0,0,8,0,0,0,27
B0,3,H4,0,0,0,0,11,0,0,8,0,0,0,19
B0,3,H5,0,0,0,0,8,0,0,0,0,0,0,8
B0,3,H6,0,0,0,0,0,0,0,0,0,0,0,0
B0,4,H1,0,8,8,0,8,0,0,0,0,0,0,24
B0,4,H2,0,8,0,0,11,0,0,0,0,0,0,19
B0,4,H3,0,0,0,0,19,0,0,8,0,0,0,27
B0,4,H4,0,0,0,0,11,0,0,8,0,0,0,19
B0,4,H5,0,0,0,0,8,0,0,0,0,0,0,8
B0,4,H6,0,0,0,0,0,0,0,0,0,0,0,0
B0,5,H1,0,8,8,0,8,0,0,0,0,0,0,24
B0,5,H2,0,8,0,0,11,0,0,0,0,0,0,19
B0,5,H3,0,0,0,0,19,0,0,8,0,0,0,27
B0,5,H4,0,0,0,0,11,0,0,8,0,0,0,19
B0,5,H5,0,0,0,0,8,0,0,0,0,0,0,8
B0,5,H6,0,0,0,0,0,0,0,0,0,0,0,0
B0,6,H1,0,8,8,0,8,0,0,0,0,0,0,24
B0,6,H2,0,8,0,0,11,0,0,0,0,0,0,19
B0,6,H3,0,0,0,0,19,0,0,8,0,0,0,27
B0,6,H4,0,0,0,0,11,0,0,8,0,0,0,19
B0,6,H5,0,0,0,0,8,0,0,0,0,0,0,8
B0,6,H6,0,0,0,0,0,0,0,0,0,0,0,0
B0,7,H1,0,8,8,0,8,0,0,0,0,0,0,24
B0,7,H2,0,8,0,0,11,0,0,0,0,0,0,19
B0,7,H3,0,0,0,0,19,0,0,8,0,0,0,27
B0,7,H4,0,0,0,0,11,0,0,8,0,0,0,19
B0,7,H5,0,0,0,0,8,0,0,0,0,0,0,8
B0,7,H6,0,0,0,0,0,0,0,0,0,0,0,0
B0,8,H1,0,8,8,0,8,0,0,0,0,0,0,24
B0,8,H2,0,8,0,0,11,0,0,0,0,0,0,19
B0,8,H3,0,0,0,0,19,0,0,8,0,0,0,27
B0,8,H4,0,0,0,0,11,0,0,8,0,0,0,19
B0,8,H5,0,0,0,0,8,0,0,0,0,0,0,8
B0,8,H6,0,0,0,0,0,0,0,0,0,0,0,0
B0,9,H1,0,8,8,0,8,0,0,0,0,0,0,24
B0,9,H2,0,8,0,0,11,0,0,0,0,0,0,19
B0,9,H3,0,0,0,0,19,0,0,8,0,0,0,27
B0,9,H4,0,0,0,0,11,0,0,8,0,0,0,19
B0,9,H5,0,0,0,0,8,0,0,0,0,0,0,8
B0,9,H6,0,0,0,0,0,0,0,0,0,0,0,0
B0,10,H1,0,8,8,0,8,0,0,0,0,0,0,24
B0,10,H2,0,8,0,0,11,0,0,0,0,0,0,19
B0,10,H3,0,0,0,0,19,0,0,8,0,0,0,27
B0,10,H4,0,0,0,0,11,0,0,8,0,0,0,19
B0,10,H5,0,0,0,0,8,0,0,0,0,0,0,8
B0,10,H6,0,0,0,0,0,0,0,0,0,0,0,0
B0,11,H1,0,8,8,0,8,0,0,0,0,0,0,24
B0,11,H2,0,8,0,0,11,0,0,0,0,0,0,19
B0,11,H3,0,0,0,0,19,0,0,8,0,0,0,27
B0,11,H4,0,0,0,0,11,0,0,8,0,0,0,19
B0,11,H5,0,0,0,0,8,0,0,0,0,0,0,8
B0,11,H6,0,0,0,0,0,0,0,0,0,0,0,0
B1,0,H1,0,8,8,0,8,0,0,0,0,0,0,24
B1,0,H2,0,8,0,0,11,0,0,0,0,0,0,19
B1,0,H3,0,0,0,1,19,0,0,8,0,0,0,28
B1,0,H4,0,0,0,1,11,0,0,8,0,0,1,21
B1,0,H5,0,0,0,1,8,0,0,0,0,0,2,11
B1,0,H6,0,0,0,1,0,0,0,0,0,0,2,3
B1,1,H1,0,8,8,0,8,0,0,0,0,0,0,24
B1,1,H2,0,8,0,0,11,0,0,0,0,0,0,19
B1,1,H3,0,0,0,1,19,0,0,8,0,0,0,28
B1,1,H4,0,0,0,1,11,0,0,8,0,0,1,21
B1,1,H5,0,0,0,0,8,0,0,0,0,0,1,9
B1,1,H6,0,0,0,0,1,0,0,0,0,0,1,2
B1,2,H1,0,7,7,0,7,0,0,0,0,0,0,21
B1,2,H2,0,7,0,0,10,0,0,0,0,0,0,17
B1,2,H3,0,0,0,1,18,0,0,8,0,0,0,27
B1,2,H4,0,0,0,1,10,0,0,8,0,0,0,19
B1,2,H5,0,0,0,1,7,0,0,0,0,0,0,8
B1,2,H6,0,0,0,1,0,0,0,0,0,0,0,1
B1,3,H1,0,7,7,0,7,0,0,0,0,0,0,21
B1,3,H2,0,7,0,0,10,1,0,0,0,0,0,18
B1,3,H3,0,0,0,2,18,4,0,8,0,0,0,32
B1,3,H4,0,0,0,2,10,3,0,8,0,0,1,24
B1,3,H5,0,0,0,2,7,3,0,0,0,0,2,14
B1,3,H6,0,0,0,2,0,4,0,0,0,0,2,8
B1,4,H1,1,7,7,0,7,0,0,0,0,0,0,22
B1,4,H2,0,7,0,0,10,0,0,0,0,0,0,17
B1,4,H3,0,0,0,1,18,0,0,8,0,0,0,27
B1,4,H4,0,0,0,1,10,0,0,8,0,0,0,19
B1,4,H5,0,0,0,1,7,0,0,0,0,0,0,8
B1,4,H6,0,0,0,1,0,0,0,0,0,0,0,1
B1,5,H1,0,8,8,0,8,0,0,0,0,0,0,24
B1,5,H2,0,8,0,0,11,0,0,0,0,0,0,19
B1,5,H3,0,1,0,0,18,0,0,7,0,0,0,26
B1,5,H4,0,1,0,0,11,0,0,7,0,0,0,19
B1,5,H5,0,1,0,0,8,0,0,0,0,0,0,9
B1,5,H6,0,1,0,0,0,0,0,0,0,0,0,1
B1,6,H1,1,8,8,0,8,0,0,0,0,0,0,25
B1,6,H2,0,8,0,0,11,0,0,0,0,0,0,19
B1,6,H3,0,1,0,0,18,0,0,7,0,0,0,26
B1,6,H4,0,1,0,0,11,0,0,7,0,0,0,19
B1,6,H5,0,1,0,0,8,0,0,0,0,0,0,9
B1,6,H6,0,1,0,0,0,0,0,0,0,0,0,1
B1,7,H1,1,8,8,0,8,0,0,0,0,0,0,25
B1,7,H2,0,8,0,0,11,0,0,0,0,0,0,19
B1,7,H3,0,1,0,0,18,0,0,7,0,0,0,26
B1,7,H4,0,1,0,0,11,0,0,7,0,0,0,19
B1,7,H5,0,1,0,0,8,0,0,0,0,0,0,9
B1,7,H6,0,1,0,0,1,0,0,0,0,0,0,2
B1,8,H1,1,7,7,0,7,0,0,0,0,0,0,22
B1,8,H2,0,7,0,0,10,0,0,0,0,0,0,17
B1,8,H3,0,1,0,3,17,3,0,7,0,0,0,31
B1,8,H4,0,1,0,3,10,2,0,7,0,0,3,26
B1,8,H5,0,1,0,2,7,2,0,0,0,0,4,16
B1,8,H6,0,1,0,2,0,2,0,0,0,0,4,9
B1,9,H1,0,8,8,0,8,0,0,0,0,0,0,24
B1,9,H2,0,8,0,0,11,0,0,0,0,0,0,19
B1,9,H3,0,1,0,0,18,0,0,7,0,0,0,26
B1,9,H4,0,1,0,0,11,0,0,7,0,0,0,19
B1,9,H5,0,1,0,0,8,0,0,0,0,0,0,9
B1,9,H6,0,1,0,0,1,0,0,0,0,0,0,2
B1,10,H1,0,7,7,0,7,0,0,0,0,0,0,21
B1,10,H2,0,7,0,0,10,0,0,0,0,0,0,17
B1,10,H3,0,1,0,1,17,0,0,7,0,0,0,26
B1,10,H4,0,1,0,1,10,0,0,7,0,0,1,20
B1,10,H5,0,1,0,1,7,0,0,0,0,0,2,11
B1,10,H6,0,1,0,1,0,0,0,0,0,0,2,4
B1,11,H1,0,8,8,0,8,0,0,0,0,0,0,24
B1,11,H2,0,8,0,0,11,0,0,0,0,0,0,19
B1,11,H3,0,0,0,1,19,0,0,8,0,0,0,28
B1,11,H4,0,0,0,1,11,0,0,8,0,0,1,21
B1,11,H5,0,0,0,0,8,0,0,0,0,0,1,9
B1,11,H6,0,0,0,0,0,0,0,0,0,0,1,1
B2,0,H1,0,8,8,0,8,0,0,0,0,0,0,24
B2,0,H2,0,8,0,0,11,0,0,0,0,0,0,19
B2,0,H3,0,1,0,0,18,0,0,7,0,0,0,26
B2,0,H4,0,1,0,0,11,0,0,7,0,0,2,21
B2,0,H5,0,1,0,0,8,0,0,0,0,0,4,13
B2,0,H6,0,1,0,0,1,0,0,0,0,0,5,7
B2,1,H1,1,7,7,0,7,1,0,0,0,0,0,23
B2,1,H2,0,7,0,0,10,0,0,0,0,0,0,17
B2,1,H3,0,1,0,3,17,0,0,7,0,0,0,28
B2,1,H4,0,1,0,3,10,0,0,7,0,0,3,24
B2,1,H5,0,1,0,3,7,0,0,0,0,0,6,17
B2,1,H6,0,1,0,3,0,0,0,0,0,0,7,11
B2,2,H1,0,8,8,0,8,0,0,0,0,0,0,24
B2,2,H2,0,8,0,0,11,0,0,0,0,0,0,19
B2,2,H3,0,1,0,0,18,3,0,7,0,0,0,29
B2,2,H4,0,1,0,0,11,4,0,7,0,0,3,26
B2,2,H5,0,1,0,0,8,5,0,0,0,0,6,20
B2,2,H6,0,1,0,0,0,5,0,0,0,0,7,13
B2,3,H1,0,8,8,0,8,0,0,0,0,0,0,24
B2,3,H2,0,8,0,0,11,0,0,0,0,0,0,19
B2,3,H3,0,0,0,0,19,0,0,8,0,0,0,27
B2,3,H4,0,0,0,0,11,0,0,8,0,0,1,20
B2,3,H5,0,0,0,0,8,0,0,0,0,0,2,10
B2,3,H6,0,0,0,0,0,0,0,0,0,0,2,2
B2,4,H1,0,8,8,0,8,1,0,0,0,0,0,25
B2,4,H2,0,8,0,0,11,0,0,0,0,0,0,19
B2,4,H3,0,0,0,1,19,0,0,8,0,0,0,28
B2,4,H4,0,0,0,1,11,0,0,8,0,0,1,21
B2,4,H5,0,0,0,1,8,0,0,0,0,0,2,11
B2,4,H6,0,0,0,1,0,0,0,0,0,0,4,5
B2,5,H1,1,7,7,0,7,0,0,0,0,0,0,22
B2,5,H2,1,7,0,0,10,0,0,0,0,0,0,18
B2,5,H3,1,0,0,2,18,0,0,8,0,0,0,29
B2,5,H4,1,0,0,2,10,0,0,8,0,0,2,23
B2,5,H5,1,0,0,2,7,0,0,0,0,0,4,14
B2,5,H6,1,0,0,2,0,0,0,0,0,0,6,9
B2,6,H1,0,7,7,0,7,1,0,0,0,0,0,22
B2,6,H2,0,7,0,0,10,2,0,0,0,0,0,19
B2,6,H3,0,1,0,3,17,2,0,7,0,0,0,30
B2,6,H4,0,1,0,3,10,2,0,7,0,0,2,25
B2,6,H5,0,1,0,3,7,2,0,0,0,0,4,17
B2,6,H6,0,1,0,3,0,3,0,0,0,0,7,14
B2,7,H1,0,7,7,0,7,0,0,0,0,0,0,21
B2,7,H2,0,7,0,0,10,0,0,0,0,0,0,17
B2,7,H3,0,0,0,2,18,3,0,8,0,0,0,31
B2,7,H4,0,0,0,2,10,4,0,8,0,0,2,26
B2,7,H5,0,0,0,2,7,5,0,0,0,0,4,18
B2,7,H6,0,0,0,2,0,5,0,0,0,0,5,12
B2,8,H1,0,8,8,0,8,1,0,0,0,0,0,25
B2,8,H2,0,8,0,0,11,2,0,0,0,0,0,21
B2,8,H3,0,1,0,1,18,2,0,7,0,0,0,29
B2,8,H4,0,1,0,1,11,2,0,7,0,0,3,25
B2,8,H5,0,1,0,1,8,2,0,0,0,0,6,18
B2,8,H6,0,1,0,1,1,3,0,0,0,0,7,13
B2,9,H1,0,7,7,0,7,1,0,0,0,0,0,22
B2,9,H2,0,7,0,0,10,0,0,0,0,0,0,17
B2,9,H3,0,1,0,1,17,3,0,7,0,0,0,29
B2,9,H4,0,1,0,1,10,4,0,7,0,0,1,24
B2,9,H5,0,1,0,1,7,5,0,0,0,0,2,16
B2,9,H6,0,1,0,1,0,5,0,0,0,0,2,9
B2,10,H1,0,7,7,0,7,1,0,0,0,0,0,22
B2,10,H2,0,7,0,0,10,0,0,0,0,0,0,17
B2,10,H3,0,0,0,2,18,0,0,8,0,0,0,28
B2,10,H4,0,0,0,2,10,0,0,8,0,0,2,22
B2,10,H5,0,0,0,2,7,0,0,0,0,0,4,13
B2,10,H6,0,0,0,2,0,0,0,0,0,0,4,6
B2,11,H1,1,7,7,0,7,0,0,0,0,0,0,22
B2,11,H2,0,7,0,0,10,0,0,0,0,0,0,17
B2,11,H3,0,1,0,3,17,0,0,7,0,0,0,28
B2,11,H4,0,1,0,3,10,0,0,7,0,0,3,24
B2,11,H5,0,1,0,3,7,0,0,0,0,0,6,17
B2,11,H6,0,1,0,3,0,0,0,0,0,0,6,10
B3,0,H1,0,8,8,0,8,0,0,0,0,0,0,24
B3,0,H2,0,8,0,0,11,0,0,0,0,0,0,19
B3,0,H3,0,0,0,0,19,0,0,8,0,0,0,27
B3,0,H4,0,0,0,0,11,0,0,8,0,0,0,19
B3,0,H5,0,0,0,0,8,0,0,0,0,0,0,8
B3,0,H6,0,0,0,0,0,0,0,0,0,0,0,0
B3,1,H1,0,8,8,0,8,0,0,0,0,0,0,24
B3,1,H2,0,8,0,0,11,0,0,0,0,0,0,19
B3,1,H3,0,0,0,0,19,0,0,8,0,0,0,27
B3,1,H4,0,0,0,0,11,0,0,8,0,0,1,20
B3,1,H5,0,0,0,0,8,0,0,0,0,0,2,10
B3,1,H6,0,0,0,0,0,0,0,0,0,0,2,2
B3,2,H1,0,8,8,0,8,0,0,0,0,0,0,24
B3,2,H2,0,8,0,0,11,0,0,0,0,0,0,19
B3,2,H3,0,1,0,0,18,0,0,7,0,0,0,26
B3,2,H4,0,1,0,0,11,0,0,7,0,0,0,19
B3,2,H5,0,1,0,0,8,0,0,0,0,0,0,9
B3,2,H6,0,1,0,0,0,0,0,0,0,0,0,1
B3,3,H1,0,8,8,0,8,0,0,0,0,0,0,24
B3,3,H2,0,8,0,0,11,0,0,0,0,0,0,19
B3,3,H3,0,0,0,0,19,0,0,8,0,0,0,27
B3,3,H4,0,0,0,0,11,0,0,8,0,0,0,19
B3,3,H5,0,0,0,0,8,0,0,0,0,0,0,8
B3,3,H6,0,0,0,0,0,0,0,0,0,0,0,0
B3,4,H1,0,8,8,0,8,0,0,0,0,0,0,24
B3,4,H2,0,8,0,0,11,0,0,0,0,0,0,19
B3,4,H3,0,0,0,0,19,0,0,8,0,0,0,27
B3,4,H4,0,0,0,0,11,0,0,8,0,0,0,19
B3,4,H5,0,0,0,0,8,0,0,0,0,0,0,8
B3,4,H6,0,0,0,0,0,0,0,0,0,0,0,0
B3,5,H1,0,8,8,0,8,0,0,0,0,0,0,24
B3,5,H2,0,8,0,0,11,0,0,0,0,0,0,19
B3,5,H3,0,0,0,0,19,0,0,8,0,0,0,27
B3,5,H4,0,0,0,0,11,0,0,8,0,0,0,19
B3,5,H5,0,0,0,0,8,0,0,0,0,0,0,8
B3,5,H6,0,0,0,0,0,0,0,0,0,0,0,0
B3,6,H1,0,8,8,0,8,0,0,0,0,0,0,24
B3,6,H2,0,8,0,0,11,0,0,0,0,0,0,19
B3,6,H3,0,0,0,0,19,0,0,8,0,0,0,27
B3,6,H4,0,0,0,0,11,0,0,8,0,0,0,19
B3,6,H5,0,0,0,0,8,0,0,0,0,0,0,8
B3,6,H6,0,0,0,0,0,0,0,0,0,0,0,0
B3,7,H1,0,8,8,0,8,0,0,0,0,0,0,24
B3,7,H2,0,8,0,0,11,0,0,0,0,0,0,19
B3,7,H3,0,0,0,0,19,0,0,8,0,0,0,27
B3,7,H4,0,0,0,0,11,0,0,8,0,0,0,19
B3,7,H5,0,0,0,0,8,0,0,0,0,0,0,8
B3,7,H6,0,0,0,0,0,0,0,0,0,0,0,0
B3,8,H1,0,8,8,0,8,0,0,0,0,0,0,24
B3,8,H2,0,8,0,0,11,0,0,0,0,0,0,19
B3,8,H3,0,0,0,0,19,0,0,8,0,0,0,27
B3,8,H4,0,0,0,0,11,0,0,8,0,0,0,19
B3,8,H5,0,0,0,0,8,0,0,0,0,0,0,8
B3,8,H6,0,0,0,0,0,0,0,0,0,0,0,0
B3,9,H1,0,8,8,0,8,0,0,0,0,0,0,24
B3,9,H2,0,8,0,0,11,0,0,0,0,0,0,19
B3,9,H3,0,0,0,0,19,3,0,8,0,0,0,30
B3,9,H4,0,0,0,0,11,4,0,8,0,0,1,24
B3,9,H5,0,0,0,0,8,5,0,0,0,0,2,15
B3,9,H6,0,0,0,0,0,5,0,0,0,0,2,7
B3,10,H1,0,8,8,0,8,0,0,0,0,0,0,24
B3,10,H2,0,8,0,0,11,0,0,0,0,0,0,19
B3,10,H3,0,0,0,0,19,0,0,8,0,0,0,27
B3,10,H4,0,0,0,0,11,0,0,8,0,0,0,19
B3,10,H5,0,0,0,0,8,0,0,0,0,0,0,8
B3,10,H6,0,0,0,0,0,0,0,0,0,0,0,0
B3,11,H1,0,8,8,0,8,0,0,0,0,0,0,24
B3,11,H2,0,8,0,0,11,0,0,0,0,0,0,19
B3,11,H3,0,0,0,0,19,0,0,8,0,0,0,27
B3,11,H4,0,0,0,0,11,0,0,8,0,0,0,19
B3,11,H5,0,0,0,0,8,0,0,0,0,0,0,8
B3,11,H6,0,0,0,0,0,0,0,0,0,0,0,0
B4,0,H1,0,8,8,0,8,0,0,0,0,0,0,24
B4,0,H2,0,8,0,0,11,0,0,0,0,0,0,19
B4,0,H3,0,0,0,0,19,0,0,8,0,0,0,27
B4,0,H4,0,0,0,0,11,0,0,8,0,0,0,19
B4,0,H5,0,0,0,0,8,0,0,0,0,0,0,8
B4,0,H6,0,0,0,0,0,0,0,0,0,0,0,0
B4,1,H1,0,8,8,0,8,0,0,0,0,0,0,24
B4,1,H2,0,8,0,0,11,0,0,0,0,0,0,19
B4,1,H3,0,0,0,0,19,0,0,8,0,0,0,27
B4,1,H4,0,0,0,0,11,0,0,8,0,0,0,19
B4,1,H5,0,0,0,0,8,0,0,0,0,0,0,8
B4,1,H6,0,0,0,0,0,0,0,0,0,0,0,0
B4,2,H1,0,8,8,0,8,0,0,0,0,0,0,24
B4,2,H2,0,8,0,0,11,0,0,0,0,0,0,19
B4,2,H3,0,0,0,0,19,0,0,8,0,0,0,27
B4,2,H4,0,0,0,0,11,0,0,8,0,0,0,19
B4,2,H5,0,0,0,0,8,0,0,0,0,0,0,8
B4,2,H6,0,0,0,0,0,0,0,0,0,0,0,0
B4,3,H1,0,8,8,0,8,0,0,0,0,0,0,24
B4,3,H2,0,8,0,0,11,0,0,0,0,0,0,19
B4,3,H3,0,0,0,0,19,0,0,8,0,0,0,27
B4,3,H4,0,0,0,0,11,0,0,8,0,0,0,19
B4,3,H5,0,0,0,0,8,0,0,0,0,0,0,8
B4,3,H6,0,0,0,0,0,0,0,0,0,0,0,0
B4,4,H1,0,8,8,0,8,0,0,0,0,0,0,24
B4,4,H2,0,8,0,0,11,0,0,0,0,0,0,19
B4,4,H3,0,0,0,0,19,0,0,8,0,0,0,27
B4,4,H4,0,0,0,0,11,0,0,8,0,0,1,20
B4,4,H5,0,0,0,0,8,0,0,0,0,0,2,10
B4,4,H6,0,0,0,0,0,0,0,0,0,0,2,2
B4,5,H1,0,8,8,0,8,0,0,0,0,0,0,24
B4,5,H2,0,8,0,0,11,0,0,0,0,0,0,19
B4,5,H3,0,0,0,0,19,3,0,8,0,0,0,30
B4,5,H4,0,0,0,0,11,4,0,8,0,0,1,24
B4,5,H5,0,0,0,0,8,5,0,0,0,0,2,15
B4,5,H6,0,0,0,0,0,5,0,0,0,0,2,7
B4,6,H1,0,8,8,0,8,0,0,0,0,0,0,24
B4,6,H2,0,8,0,0,11,0,0,0,0,0,0,19
B4,6,H3,0,0,0,0,19,0,0,8,0,0,0,27
B4,6,H4,0,0,0,0,11,0,0,8,0,0,0,19
B4,6,H5,0,0,0,0,8,0,0,0,0,0,0,8
B4,6,H6,0,0,0,0,0,0,0,0,0,0,1,1
B4,7,H1,0,8,8,0,8,0,0,0,0,0,0,24
B4,7,H2,0,8,0,0,11,0,0,0,0,0,0,19
B4,7,H3,0,0,0,0,19,0,0,8,0,0,0,27
B4,7,H4,0,0,0,0,11,0,0,8,0,0,0,19
B4,7,H5,0,0,0,0,8,0,0,0,0,0,0,8
B4,7,H6,0,0,0,0,0,0,0,0,0,0,0,0
B4,8,H1,0,8,8,0,8,0,0,0,0,0,0,24
B4,8,H2,0,8,0,0,11,0,0,0,0,0,0,19
B4,8,H3,0,0,0,0,19,0,0,8,0,0,0,27
B4,8,H4,0,0,0,0,11,0,0,8,0,0,0,19
B4,8,H5,0,0,0,0,8,0,0,0,0,0,0,8
B4,8,H6,0,0,0,0,0,0,0,0,0,0,0,0
B4,9,H1,0,8,8,0,8,0,0,0,0,0,0,24
B4,9,H2,0,8,0,0,11,0,0,0,0,0,0,19
B4,9,H3,0,0,0,0,19,0,0,8,0,0,0,27
B4,9,H4,0,0,0,0,11,0,0,8,0,0,0,19
B4,9,H5,0,0,0,0,8,0,0,0,0,0,0,8
B4,9,H6,0,0,0,0,0,0,0,0,0,0,0,0
B4,10,H1,0,8,8,0,8,0,0,0,0,0,0,24
B4,10,H2,0,8,0,0,11,0,0,0,0,0,0,19
B4,10,H3,0,0,0,0,19,0,0,8,0,0,0,27
B4,10,H4,0,0,0,0,11,0,0,8,0,0,0,19
B4,10,H5,0,0,0,0,8,0,0,0,0,0,0,8
B4,10,H6,0,0,0,0,0,0,0,0,0,0,0,0
B4,11,H1,0,8,8,0,8,0,0,0,0,0,0,24
B4,11,H2,0,8,0,0,11,0,0,0,0,0,0,19
B4,11,H3,0,0,0,0,19,0,0,8,0,0,0,27
B4,11,H4,0,0,0,0,11,0,0,8,0,0,0,19
B4,11,H5,0,0,0,0,8,0,0,0,0,0,0,8
B4,11,H6,0,0,0,0,0,0,0,0,0,0,0,0
B5,0,H1,0,8,8,0,8,0,0,0,0,0,0,24
B5,0,H2,0,8,0,0,11,0,0,0,0,0,0,19
B5,0,H3,0,0,0,0,19,0,0,8,0,0,0,27
B5,0,H4,0,0,0,0,11,0,0,8,0,0,0,19
B5,0,H5,0,0,0,0,8,0,0,0,0,0,0,8
B5,0,H6,0,0,0,0,0,0,0,0,0,0,0,0
B5,1,H1,0,8,8,0,8,0,0,0,0,0,0,24
B5,1,H2,0,8,0,0,11,0,0,0,0,0,0,19
B5,1,H3,0,0,0,0,19,0,0,8,0,0,0,27
B5,1,H4,0,0,0,0,11,0,0,8,0,0,1,20
B5,1,H5,0,0,0,0,8,0,0,0,0,0,2,10
B5,1,H6,0,0,0,0,0,0,0,0,0,0,2,2
B5,2,H1,0,8,8,0,8,0,0,0,0,0,0,24
B5,2,H2,0,8,0,0,11,0,0,0,0,0,0,19
B5,2,H3,0,0,0,0,19,0,0,8,0,0,0,27
B5,2,H4,0,0,0,0,11,0,0,8,0,0,0,19
B5,2,H5,0,0,0,0,8,0,0,0,0,0,0,8
B5,2,H6,0,0,0,0,0,0,0,0,0,0,0,0
B5,3,H1,0,8,8,0,8,0,0,0,0,0,0,24
B5,3,H2,0,8,0,0,11,1,0,0,0,0,0,20
B5,3,H3,0,0,0,0,19,1,0,8,0,0,0,28
B5,3,H4,0,0,0,0,11,1,0,8,0,0,0,20
B5,3,H5,0,0,0,0,8,1,0,0,0,0,0,9
B5,3,H6,0,0,0,0,0,2,0,0,0,0,1,3
B5,4,H1,0,8,8,0,8,0,0,0,0,0,0,24
B5,4,H2,0,8,0,0,11,0,0,0,0,0,0,19
B5,4,H3,0,0,0,0,19,0,0,8,0,0,0,27
B5,4,H4,0,0,0,0,11,0,0,8,0,0,0,19
B5,4,H5,0,0,0,0,8,0,0,0,0,0,0,8
B5,4,H6,0,0,0,0,0,0,0,0,0,0,0,0
B5,5,H1,0,8,8,0,8,0,0,0,0,0,0,24
B5,5,H2,0,8,0,0,11,0,0,0,0,0,0,19
B5,5,H3,0,0,0,0,19,0,0,8,0,0,0,27
B5,5,H4,0,0,0,0,11,0,0,8,0,0,0,19
B5,5,H5,0,0,0,0,8,0,0,0,0,0,0,8
B5,5,H6,0,0,0,0,1,0,0,0,0,0,0,1
B5,6,H1,1,8,8,0,8,0,0,0,0,0,0,25
B5,6,H2,0,8,0,0,11,0,0,0,0,0,0,19
B5,6,H3,0,0,0,0,19,0,0,8,0,0,0,27
B5,6,H4,0,0,0,0,11,0,0,8,0,0,0,19
B5,6,H5,0,0,0,0,8,0,0,0,0,0,0,8
B5,6,H6,0,0,0,0,0,0,0,0,0,0,0,0
B5,7,H1,0,7,7,0,7,0,0,0,0,0,0,21
B5,7,H2,0,7,0,0,10,0,0,0,0,0,0,17
B5,7,H3,0,0,0,1,18,0,0,8,0,0,0,27
B5,7,H4,0,0,0,1,10,0,0,8,0,0,0,19
B5,7,H5,0,0,0,1,7,0,0,0,0,0,0,8
B5,7,H6,0,0,0,1,0,0,0,0,0,0,0,1
B5,8,H1,0,8,8,0,8,0,0,0,0,0,0,24
B5,8,H2,0,8,0,0,11,0,0,0,0,0,0,19
B5,8,H3,0,0,0,0,19,0,0,8,0,0,0,27
B5,8,H4,0,0,0,0,11,0,0,8,0,0,0,19
B5,8,H5,0,0,0,0,8,0,0,0,0,0,0,8
B5,8,H6,0,0,0,0,0,0,0,0,0,0,0,0
B5,9,H1,0,8,8,0,8,0,0,0,0,0,0,24
B5,9,H2,0,8,0,0,11,0,0,0,0,0,0,19
B5,9,H3,0,0,0,0,19,0,0,8,0,0,0,27
B5,9,H4,0,0,0,0,11,0,0,8,0,0,0,19
B5,9,H5,0,0,0,0,8,0,0,0,0,0,0,8
B5,9,H6,0,0,0,0,0,0,0,0,0,0,0,0
B5,10,H1,0,8,8,0,8,0,0,0,0,0,0,24
B5,10,H2,0,8,0,0,11,0,0,0,0,0,0,19
B5,10,H3,0,0,0,0,19,0,0,8,0,0,0,27
B5,10,H4,0,0,0,0,11,0,0,8,0,0,0,19
B5,10,H5,0,0,0,0,8,0,0,0,0,0,0,8
B5,10,H6,0,0,0,0,0,0,0,0,0,0,0,0
B5,11,H1,0,8,8,0,8,0,0,0,0,0,0,24
B5,11,H2,0,8,0,0,11,0,0,0,0,0,0,19
B5,11,H3,0,0,0,0,19,0,0,8,0,0,0,27
B5,11,H4,0,0,0,0,11,0,0,8,0,0,0,19
B5,11,H5,0,0,0,0,8,0,0,0,0,0,0,8
B5,11,H6,0,0,0,0,0,0,0,0,0,0,0,0
M,0,H1,0,8,8,0,8,0,0,0,0,0,0,24
M,0,H2,0,8,0,0,11,0,0,0,0,0,0,19
M,0,H3,0,0,0,0,19,0,0,8,0,0,0,27
M,0,H4,0,0,0,0,11,0,0,8,0,0,0,19
M,0,H5,0,0,0,0,8,0,0,0,0,0,0,8
M,0,H6,0,0,0,0,0,0,0,0,0,0,0,0
M,1,H1,0,8,8,0,8,0,0,0,0,0,0,24
M,1,H2,0,8,0,0,11,0,0,0,0,0,0,19
M,1,H3,0,0,0,0,19,0,0,8,0,0,0,27
M,1,H4,0,0,0,0,11,0,0,8,0,0,0,19
M,1,H5,0,0,0,0,8,0,0,0,0,0,0,8
M,1,H6,0,0,0,0,0,0,0,0,0,0,0,0
M,2,H1,0,8,8,0,8,0,0,0,0,0,0,24
M,2,H2,0,8,0,0,11,0,0,0,0,0,0,19
M,2,H3,0,0,0,0,19,0,0,8,0,0,0,27
M,2,H4,0,0,0,0,11,0,0,8,0,0,0,19
M,2,H5,0,0,0,0,8,0,0,0,0,0,0,8
M,2,H6,0,0,0,0,0,0,0,0,0,0,0,0
M,3,H1,0,8,8,0,8,0,0,0,0,0,0,24
M,3,H2,0,8,0,0,11,0,0,0,0,0,0,19
M,3,H3,0,0,0,0,19,0,0,8,0,0,0,27
M,3,H4,0,0,0,0,11,0,0,8,0,0,0,19
M,3,H5,0,0,0,0,8,0,0,0,0,0,0,8
M,3,H6,0,0,0,0,0,0,0,0,0,0,0,0
M,4,H1,0,8,8,0,8,0,0,0,0,0,0,24
M,4,H2,0,8,0,0,11,0,0,0,0,0,0,19
M,4,H3,0,0,0,0,19,0,0,8,0,0,0,27
M,4,H4,0,0,0,0,11,0,0,8,0,0,0,19
M,4,H5,0,0,0,0,8,0,0,0,0,0,0,8
M,4,H6,0,0,0,0,0,0,0,0,0,0,0,0
M,5,H1,0,8,8,0,8,0,0,0,0,0,0,24
M,5,H2,0,8,0,0,11,0,0,0,0,0,0,19
M,5,H3,0,0,0,0,19,0,0,8,0,0,0,27
M,5,H4,0,0,0,0,11,0,0,8,0,0,0,19
M,5,H5,0,0,0,0,8,0,0,0,0,0,0,8
M,5,H6,0,0,0,0,0,0,0,0,0,0,0,0
M,6,H1,0,8,8,0,8,0,0,0,0,0,0,24
M,6,H2,0,8,0,0,11,0,0,0,0,0,0,19
M,6,H3,0,0,0,0,19,0,0,8,0,0,0,27
M,6,H4,0,0,0,0,11,0,0,8,0,0,0,19
M,6,H5,0,0,0,0,8,0,0,0,0,0,0,8
M,6,H6,0,0,0,0,0,0,0,0,0,0,0,0
M,7,H1,0,8,8,0,8,0,0,0,0,0,0,24
M,7,H2,0,8,0,0,11,0,0,0,0,0,0,19
M,7,H3,0,0,0,0,19,0,0,8,0,0,0,27
M,7,H4,0,0,0,0,11,0,0,8,0,0,0,19
M,7,H5,0,0,0,0,8,0,0,0,0,0,0,8
M,7,H6,0,0,0,0,0,0,0,0,0,0,0,0
M,8,H1,0,8,8,0,8,0,0,0,0,0,0,24
M,8,H2,0,8,0,0,11,0,0,0,0,0,0,19
M,8,H3,0,0,0,0,19,0,0,8,0,0,0,27
M,8,H4,0,0,0,0,11,0,0,8,0,0,0,19
M,8,H5,0,0,0,0,8,0,0,0,0,0,0,8
M,8,H6,0,0,0,0,0,0,0,0,0,0,0,0
M,9,H1,0,8,8,0,8,0,0,0,0,0,0,24
M,9,H2,0,8,0,0,11,0,0,0,0,0,0,19
M,9,H3,0,0,0,0,19,0,0,8,0,0,0,27
M,9,H4,0,0,0,0,11,0,0,8,0,0,0,19
M,9,H5,0,0,0,0,8,0,0,0,0,0,0,8
M,9,H6,0,0,0,0,0,0,0,0,0,0,0,0
M,10,H1,0,8,8,0,8,0,0,0,0,0,0,24
M,10,H2,0,8,0,0,11,0,0,0,0,0,0,19
M,10,H3,0,0,0,0,19,0,0,8,0,0,0,27
M,10,H4,0,0,0,0,11,0,0,8,0,0,0,19
M,10,H5,0,0,0,0,8,0,0,0,0,0,0,8
M,10,H6,0,0,0,0,0,0,0,0,0,0,0,0
M,11,H1,0,8,8,0,8,0,0,0,0,0,0,24
M,11,H2,0,8,0,0,11,0,0,0,0,0,0,19
M,11,H3,0,0,0,0,19,0,0,8,0,0,0,27
M,11,H4,0,0,0,0,11,0,0,8,0,0,0,19
M,11,H5,0,0,0,0,8,0,0,0,0,0,0,8
M,11,H6,0,0,0,0,0,0,0,0,0,0,0,0
M-noledger,0,H1,0,8,8,0,8,0,0,0,0,0,0,24
M-noledger,0,H2,0,8,0,0,11,0,0,0,0,0,0,19
M-noledger,0,H3,0,1,0,0,18,0,0,7,0,0,0,26
M-noledger,0,H4,0,1,0,0,11,0,0,7,0,0,0,19
M-noledger,0,H5,0,1,0,0,8,0,0,0,0,0,0,9
M-noledger,0,H6,0,1,0,0,0,0,0,0,0,0,0,1
M-noledger,1,H1,0,7,7,0,7,0,0,0,0,0,0,21
M-noledger,1,H2,0,7,0,0,10,0,0,0,0,0,0,17
M-noledger,1,H3,0,0,0,2,18,0,0,8,0,0,0,28
M-noledger,1,H4,0,0,0,1,10,0,0,8,0,0,0,19
M-noledger,1,H5,0,0,0,1,7,0,0,0,0,0,0,8
M-noledger,1,H6,0,0,0,1,0,0,0,0,0,0,0,1
M-noledger,2,H1,0,8,8,0,8,0,0,0,0,0,0,24
M-noledger,2,H2,0,8,0,0,11,0,0,0,0,0,0,19
M-noledger,2,H3,0,0,0,0,19,0,0,8,0,0,0,27
M-noledger,2,H4,0,0,0,0,11,0,0,8,0,0,0,19
M-noledger,2,H5,0,0,0,0,8,0,0,0,0,0,0,8
M-noledger,2,H6,0,0,0,0,0,0,0,0,0,0,0,0
M-noledger,3,H1,0,8,8,0,8,0,0,0,0,0,0,24
M-noledger,3,H2,0,8,0,0,11,0,0,0,0,0,0,19
M-noledger,3,H3,0,0,0,0,19,0,0,8,0,0,0,27
M-noledger,3,H4,0,0,0,0,11,0,0,8,0,0,0,19
M-noledger,3,H5,0,0,0,0,8,0,0,0,0,0,0,8
M-noledger,3,H6,0,0,0,0,0,0,0,0,0,0,0,0
M-noledger,4,H1,0,8,8,0,8,0,0,0,0,0,0,24
M-noledger,4,H2,0,8,0,0,11,0,0,0,0,0,0,19
M-noledger,4,H3,0,0,0,0,19,0,0,8,0,0,0,27
M-noledger,4,H4,0,0,0,0,11,0,0,8,0,0,0,19
M-noledger,4,H5,0,0,0,0,8,0,0,0,0,0,0,8
M-noledger,4,H6,0,0,0,0,0,0,0,0,0,0,0,0
M-noledger,5,H1,0,8,8,0,8,0,0,0,0,0,0,24
M-noledger,5,H2,0,8,0,0,11,0,0,0,0,0,0,19
M-noledger,5,H3,0,0,0,0,19,0,0,8,0,0,0,27
M-noledger,5,H4,0,0,0,0,11,0,0,8,0,0,0,19
M-noledger,5,H5,0,0,0,0,8,0,0,0,0,0,0,8
M-noledger,5,H6,0,0,0,0,0,0,0,0,0,0,0,0
M-noledger,6,H1,0,8,8,0,8,0,0,0,0,0,0,24
M-noledger,6,H2,0,8,0,0,11,0,0,0,0,0,0,19
M-noledger,6,H3,0,0,0,0,19,0,0,8,0,0,0,27
M-noledger,6,H4,0,0,0,0,11,0,0,8,0,0,0,19
M-noledger,6,H5,0,0,0,0,8,0,0,0,0,0,0,8
M-noledger,6,H6,0,0,0,0,0,0,0,0,0,0,0,0
M-noledger,7,H1,0,8,8,0,8,0,0,0,0,0,0,24
M-noledger,7,H2,0,8,0,0,11,0,0,0,0,0,0,19
M-noledger,7,H3,0,0,0,0,19,0,0,8,0,0,0,27
M-noledger,7,H4,0,0,0,0,11,0,0,8,0,0,0,19
M-noledger,7,H5,0,0,0,0,8,0,0,0,0,0,0,8
M-noledger,7,H6,0,0,0,0,0,0,0,0,0,0,0,0
M-noledger,8,H1,1,8,8,0,8,0,0,0,0,0,0,25
M-noledger,8,H2,0,8,0,0,11,0,0,0,0,0,0,19
M-noledger,8,H3,0,0,0,0,19,0,0,8,0,0,0,27
M-noledger,8,H4,0,0,0,0,11,0,0,8,0,0,0,19
M-noledger,8,H5,0,0,0,0,8,0,0,0,0,0,0,8
M-noledger,8,H6,0,0,0,0,0,0,0,0,0,0,0,0
M-noledger,9,H1,0,8,8,0,8,0,0,0,0,0,0,24
M-noledger,9,H2,0,8,0,0,11,0,0,0,0,0,0,19
M-noledger,9,H3,0,0,0,0,19,0,0,8,0,0,0,27
M-noledger,9,H4,0,0,0,0,11,0,0,8,0,0,0,19
M-noledger,9,H5,0,0,0,0,8,0,0,0,0,0,0,8
M-noledger,9,H6,0,0,0,0,0,0,0,0,0,0,0,0
M-noledger,10,H1,0,8,8,0,8,0,0,0,0,0,0,24
M-noledger,10,H2,0,8,0,0,11,0,0,0,0,0,0,19
M-noledger,10,H3,0,0,0,0,19,0,0,8,0,0,0,27
M-noledger,10,H4,0,0,0,0,11,0,0,8,0,0,0,19
M-noledger,10,H5,0,0,0,0,8,0,0,0,0,0,0,8
M-noledger,10,H6,0,0,0,0,0,0,0,0,0,0,0,0
M-noledger,11,H1,0,8,8,0,8,0,0,0,0,0,0,24
M-noledger,11,H2,0,8,0,0,11,0,0,0,0,0,0,19
M-noledger,11,H3,0,0,0,0,19,0,0,8,0,0,0,27
M-noledger,11,H4,0,0,0,0,11,0,0,8,0,0,0,19
M-noledger,11,H5,0,0,0,0,8,0,0,0,0,0,0,8
M-noledger,11,H6,0,0,0,0,0,0,0,0,0,0,0,0
M-nocritic,0,H1,0,8,8,0,8,0,0,0,0,0,0,24
M-nocritic,0,H2,0,8,0,0,11,0,0,0,0,0,0,19
M-nocritic,0,H3,0,0,0,0,19,0,0,8,0,0,0,27
M-nocritic,0,H4,0,0,0,0,11,0,0,8,0,0,0,19
M-nocritic,0,H5,0,0,0,0,8,0,0,0,0,0,0,8
M-nocritic,0,H6,0,0,0,0,0,0,0,0,0,0,0,0
M-nocritic,1,H1,0,8,8,0,8,0,0,0,0,0,0,24
M-nocritic,1,H2,0,8,0,0,11,0,0,0,0,0,0,19
M-nocritic,1,H3,0,0,0,0,19,0,0,8,0,0,0,27
M-nocritic,1,H4,0,0,0,0,11,0,0,8,0,0,0,19
M-nocritic,1,H5,0,0,0,0,8,0,0,0,0,0,0,8
M-nocritic,1,H6,0,0,0,0,0,0,0,0,0,0,0,0
M-nocritic,2,H1,0,8,8,0,8,0,0,0,0,0,0,24
M-nocritic,2,H2,0,8,0,0,11,0,0,0,0,0,0,19
M-nocritic,2,H3,0,0,0,0,19,0,0,8,0,0,0,27
M-nocritic,2,H4,0,0,0,0,11,0,0,8,0,0,0,19
M-nocritic,2,H5,0,0,0,0,8,0,0,0,0,0,0,8
M-nocritic,2,H6,0,0,0,0,0,0,0,0,0,0,0,0
M-nocritic,3,H1,0,8,8,0,8,0,0,0,0,0,0,24
M-nocritic,3,H2,0,8,0,0,11,0,0,0,0,0,0,19
M-nocritic,3,H3,0,0,0,0,19,0,0,8,0,0,0,27
M-nocritic,3,H4,0,0,0,0,11,0,0,8,0,0,0,19
M-nocritic,3,H5,0,0,0,0,8,0,0,0,0,0,0,8
M-nocritic,3,H6,0,0,0,0,0,0,0,0,0,0,0,0
M-nocritic,4,H1,0,8,8,0,8,0,0,0,0,0,0,24
M-nocritic,4,H2,0,8,0,0,11,0,0,0,0,0,0,19
M-nocritic,4,H3,0,0,0,0,19,0,0,8,0,0,0,27
M-nocritic,4,H4,0,0,0,0,11,0,0,8,0,0,0,19
M-nocritic,4,H5,0,0,0,0,8,0,0,0,0,0,0,8
M-nocritic,4,H6,0,0,0,0,0,0,0,0,0,0,0,0
M-nocritic,5,H1,0,8,8,0,8,0,0,0,0,0,0,24
M-nocritic,5,H2,0,8,0,0,11,0,0,0,0,0,0,19
M-nocritic,5,H3,0,0,0,0,19,0,0,8,0,0,0,27
M-nocritic,5,H4,0,0,0,0,11,0,0,8,0,0,0,19
M-nocritic,5,H5,0,0,0,0,8,0,0,0,0,0,0,8
M-nocritic,5,H6,0,0,0,0,0,0,0,0,0,0,0,0
M-nocritic,6,H1,0,8,8,0,8,0,0,0,0,0,0,24
M-nocritic,6,H2,0,8,0,0,11,0,0,0,0,0,0,19
M-nocritic,6,H3,0,0,0,0,19,0,0,8,0,0,0,27
M-nocritic,6,H4,0,0,0,0,11,0,0,8,0,0,0,19
M-nocritic,6,H5,0,0,0,0,8,0,0,0,0,0,0,8
M-nocritic,6,H6,0,0,0,0,0,0,0,0,0,0,0,0
M-nocritic,7,H1,0,8,8,0,8,0,0,0,0,0,0,24
M-nocritic,7,H2,0,8,0,0,11,0,0,0,0,0,0,19
M-nocritic,7,H3,0,0,0,0,19,0,0,8,0,0,0,27
M-nocritic,7,H4,0,0,0,0,11,0,0,8,0,0,0,19
M-nocritic,7,H5,0,0,0,0,8,0,0,0,0,0,0,8
M-nocritic,7,H6,0,0,0,0,0,0,0,0,0,0,0,0
M-nocritic,8,H1,0,8,8,0,8,0,0,0,0,0,0,24
M-nocritic,8,H2,0,8,0,0,11,0,0,0,0,0,0,19
M-nocritic,8,H3,0,0,0,0,19,0,0,8,0,0,0,27
M-nocritic,8,H4,0,0,0,0,11,0,0,8,0,0,0,19
M-nocritic,8,H5,0,0,0,0,8,0,0,0,0,0,0,8
M-nocritic,8,H6,0,0,0,0,0,0,0,0,0,0,0,0
M-nocritic,9,H1,0,8,8,0,8,0,0,0,0,0,0,24
M-nocritic,9,H2,0,8,0,0,11,0,0,0,0,0,0,19
M-nocritic,9,H3,0,0,0,0,19,0,0,8,0,0,0,27
M-nocritic,9,H4,0,0,0,0,11,0,0,8,0,0,0,19
M-nocritic,9,H5,0,0,0,0,8,0,0,0,0,0,0,8
M-nocritic,9,H6,0,0,0,0,0,0,0,0,0,0,0,0
M-nocritic,10,H1,0,8,8,0,8,0,0,0,0,0,0,24
M-nocritic,10,H2,0,8,0,0,11,0,0,0,0,0,0,19
M-nocritic,10,H3,0,0,0,0,19,0,0,8,0,0,0,27
M-nocritic,10,H4,0,0,0,0,11,0,0,8,0,0,0,19
M-nocritic,10,H5,0,0,0,0,8,0,0,0,0,0,0,8
M-nocritic,10,H6,0,0,0,0,0,0,0,0,0,0,0,0
M-nocritic,11,H1,0,8,8,0,8,0,0,0,0,0,0,24
M-nocritic,11,H2,0,8,0,0,11,0,0,0,0,0,0,19
M-nocritic,11,H3,0,0,0,0,19,0,0,8,0,0,0,27
M-nocritic,11,H4,0,0,0,0,11,0,0,8,0,0,0,19
M-nocritic,11,H5,0,0,0,0,8,0,0,0,0,0,0,8
M-nocritic,11,H6,0,0,0,0,0,0,0,0,0,0,0,0
M-nopolicy,0,H1,0,8,8,0,8,0,0,0,0,0,0,24
M-nopolicy,0,H2,0,8,0,0,11,0,0,0,0,0,0,19
M-nopolicy,0,H3,0,0,0,0,19,0,0,8,0,0,0,27
M-nopolicy,0,H4,0,0,0,0,11,0,0,8,0,0,0,19
M-nopolicy,0,H5,0,0,0,0,8,0,0,0,0,0,0,8
M-nopolicy,0,H6,0,0,0,0,0,0,0,0,0,0,0,0
M-nopolicy,1,H1,0,8,8,0,8,0,0,0,0,0,0,24
M-nopolicy,1,H2,0,8,0,0,11,0,0,0,0,0,0,19
M-nopolicy,1,H3,0,0,0,0,19,0,0,8,0,0,0,27
M-nopolicy,1,H4,0,0,0,0,11,0,0,8,0,0,0,19
M-nopolicy,1,H5,0,0,0,0,8,0,0,0,0,0,0,8
M-nopolicy,1,H6,0,0,0,0,0,0,0,0,0,0,0,0
M-nopolicy,2,H1,0,8,8,0,8,0,0,0,0,0,0,24
M-nopolicy,2,H2,0,8,0,0,11,0,0,0,0,0,0,19
M-nopolicy,2,H3,0,0,0,0,19,0,0,8,0,0,0,27
M-nopolicy,2,H4,0,0,0,0,11,0,0,8,0,0,0,19
M-nopolicy,2,H5,0,0,0,0,8,0,0,0,0,0,0,8
M-nopolicy,2,H6,0,0,0,0,0,0,0,0,0,0,0,0
M-nopolicy,3,H1,0,8,8,0,8,0,0,0,0,0,0,24
M-nopolicy,3,H2,0,8,0,0,11,0,0,0,0,0,0,19
M-nopolicy,3,H3,0,0,0,0,19,0,0,8,0,0,0,27
M-nopolicy,3,H4,0,0,0,0,11,0,0,8,0,0,0,19
M-nopolicy,3,H5,0,0,0,0,8,0,0,0,0,0,0,8
M-nopolicy,3,H6,0,0,0,0,0,0,0,0,0,0,0,0
M-nopolicy,4,H1,0,8,8,0,8,0,0,0,0,0,0,24
M-nopolicy,4,H2,0,8,0,0,11,0,0,0,0,0,0,19
M-nopolicy,4,H3,0,0,0,0,19,0,0,8,0,0,0,27
M-nopolicy,4,H4,0,0,0,0,11,0,0,8,0,0,0,19
M-nopolicy,4,H5,0,0,0,0,8,0,0,0,0,0,0,8
M-nopolicy,4,H6,0,0,0,0,0,0,0,0,0,0,0,0
M-nopolicy,5,H1,0,8,8,0,8,0,0,0,0,0,0,24
M-nopolicy,5,H2,0,8,0,0,11,0,0,0,0,0,0,19
M-nopolicy,5,H3,0,0,0,0,19,0,0,8,0,0,0,27
M-nopolicy,5,H4,0,0,0,0,11,0,0,8,0,0,0,19
M-nopolicy,5,H5,0,0,0,0,8,0,0,0,0,0,0,8
M-nopolicy,5,H6,0,0,0,0,0,0,0,0,0,0,0,0
M-nopolicy,6,H1,0,8,8,0,8,0,0,0,0,0,0,24
M-nopolicy,6,H2,0,8,0,0,11,0,0,0,0,0,0,19
M-nopolicy,6,H3,0,0,0,0,19,0,0,8,0,0,0,27
M-nopolicy,6,H4,0,0,0,0,11,0,0,8,0,0,0,19
M-nopolicy,6,H5,0,0,0,0,8,0,0,0,0,0,0,8
M-nopolicy,6,H6,0,0,0,0,0,0,0,0,0,0,0,0
M-nopolicy,7,H1,0,8,8,0,8,0,0,0,0,0,0,24
M-nopolicy,7,H2,0,8,0,0,11,0,0,0,0,0,0,19
M-nopolicy,7,H3,0,0,0,0,19,0,0,8,0,0,0,27
M-nopolicy,7,H4,0,0,0,0,11,0,0,8,0,0,0,19
M-nopolicy,7,H5,0,0,0,0,8,0,0,0,0,0,0,8
M-nopolicy,7,H6,0,0,0,0,0,0,0,0,0,0,0,0
M-nopolicy,8,H1,0,8,8,0,8,0,0,0,0,0,0,24
M-nopolicy,8,H2,0,8,0,0,11,0,0,0,0,0,0,19
M-nopolicy,8,H3,0,0,0,0,19,0,0,8,0,0,0,27
M-nopolicy,8,H4,0,0,0,0,11,0,0,8,0,0,0,19
M-nopolicy,8,H5,0,0,0,0,8,0,0,0,0,0,0,8
M-nopolicy,8,H6,0,0,0,0,0,0,0,0,0,0,0,0
M-nopolicy,9,H1,0,8,8,0,8,0,0,0,0,0,0,24
M-nopolicy,9,H2,0,8,0,0,11,0,0,0,0,0,0,19
M-nopolicy,9,H3,0,0,0,0,19,0,0,8,0,0,0,27
M-nopolicy,9,H4,0,0,0,0,11,0,0,8,0,0,0,19
M-nopolicy,9,H5,0,0,0,0,8,0,0,0,0,0,0,8
M-nopolicy,9,H6,0,0,0,0,0,0,0,0,0,0,0,0
M-nopolicy,10,H1,0,8,8,0,8,0,0,0,0,0,0,24
M-nopolicy,10,H2,0,8,0,0,11,0,0,0,0,0,0,19
M-nopolicy,10,H3,0,0,0,0,19,0,0,8,0,0,0,27
M-nopolicy,10,H4,0,0,0,0,11,0,0,8,0,0,0,19
M-nopolicy,10,H5,0,0,0,0,8,0,0,0,0,0,0,8
M-nopolicy,10,H6,0,0,0,0,0,0,0,0,0,0,0,0
M-nopolicy,11,H1,0,8,8,0,8,0,0,0,0,0,0,24
M-nopolicy,11,H2,0,8,0,0,11,0,0,0,0,0,0,19
M-nopolicy,11,H3,0,0,0,0,19,0,0,8,0,0,0,27
M-nopolicy,11,H4,0,0,0,0,11,0,0,8,0,0,0,19
M-nopolicy,11,H5,0,0,0,0,8,0,0,0,0,0,0,8
M-nopolicy,11,H6,0,0,0,0,0,0,0,0,0,0,0,0
